imdb_title_id,director_id
tt0002101,1
tt0002199,2
tt0002461,3
tt0002461,4
tt0003167,5
tt0003419,6
tt0003419,7
tt0003471,8
tt0003643,5
tt0003657,9
tt0003772,10
tt0003973,11
tt0004099,12
tt0004134,13
tt0004150,14
tt0004181,5
tt0004457,12
tt0004465,15
tt0004465,16
tt0004635,17
tt0004635,18
tt0004681,19
tt0004707,20
tt0004707,21
tt0004766,18
tt0004825,22
tt0004838,9
tt0004872,22
tt0004873,23
tt0005060,18
tt0005078,18
tt0005149,9
tt0005149,24
tt0005339,25
tt0005402,18
tt0005557,9
tt0005719,26
tt0005809,27
tt0005960,28
tt0006327,29
tt0006333,30
tt0006509,31
tt0006509,32
tt0006517,9
tt0006517,24
tt0006589,33
tt0006688,26
tt0006731,31
tt0006731,32
tt0006736,34
tt0006745,31
tt0006745,32
tt0006753,34
tt0006780,35
tt0006780,36
tt0006809,37
tt0006826,38
tt0006864,5
tt0007047,39
tt0007257,26
tt0007260,36
tt0007338,40
tt0007340,13
tt0007361,41
tt0007367,37
tt0007558,42
tt0007558,13
tt0007610,43
tt0007755,44
tt0007801,45
tt0008150,18
tt0008188,18
tt0008188,46
tt0008196,47
tt0008309,34
tt0008443,22
tt0008489,48
tt0008499,47
tt0008634,44
tt0008687,49
tt0008775,37
tt0008827,47
tt0008891,22
tt0008930,50
tt0009086,32
tt0009150,5
tt0009241,49
tt0009326,47
tt0009356,51
tt0009369,52
tt0009369,53
tt0009440,18
tt0009475,54
tt0009559,5
tt0009608,55
tt0009611,56
tt0009737,57
tt0009796,18
tt0009878,58
tt0009915,59
tt0009937,60
tt0009976,61
tt0010040,47
tt0010060,62
tt0010103,55
tt0010137,18
tt0010162,34
tt0010193,5
tt0010195,59
tt0010219,63
tt0010227,64
tt0010227,32
tt0010267,32
tt0010418,18
tt0010466,8
tt0010635,63
tt0010662,5
tt0010680,65
tt0010806,5
tt0010844,22
tt0010879,66
tt0010890,67
tt0010925,52
tt0010964,62
tt0011130,68
tt0011193,57
tt0011267,69
tt0011344,70
tt0011358,44
tt0011387,71
tt0011387,22
tt0011415,5
tt0011474,66
tt0011588,39
tt0011623,72
tt0011623,62
tt0011647,29
tt0011741,73
tt0011753,63
tt0011779,74
tt0011865,18
tt0011908,75
tt0011908,76
tt0011948,77
tt0011979,13
tt0012016,78
tt0012027,79
tt0012125,80
tt0012136,81
tt0012349,56
tt0012382,63
tt0012382,82
tt0012397,83
tt0012397,84
tt0012408,85
tt0012486,86
tt0012486,87
tt0012513,88
tt0012532,5
tt0012538,67
tt0012642,89
tt0012675,29
tt0012752,90
tt0012755,83
tt0012755,84
tt0012769,13
tt0012928,81
tt0012975,91
tt0013075,89
tt0013075,92
tt0013140,60
tt0013201,89
tt0013223,93
tt0013367,94
tt0013386,95
tt0013386,60
tt0013450,96
tt0013556,34
tt0013592,97
tt0013597,55
tt0013607,98
tt0013662,68
tt0013674,77
tt0013704,99
tt0013705,100
tt0013750,81
tt0013909,44
tt0013951,63
tt0014029,52
tt0014112,101
tt0014205,2
tt0014341,102
tt0014341,103
tt0014358,56
tt0014416,104
tt0014416,28
tt0014417,105
tt0014429,89
tt0014429,92
tt0014440,106
tt0014463,74
tt0014497,107
tt0014532,18
tt0014604,5
tt0014605,108
tt0014606,67
tt0014611,89
tt0014611,92
tt0014624,56
tt0014636,34
tt0014721,96
tt0014760,109
tt0014826,110
tt0014854,47
tt0014854,111
tt0014869,68
tt0014874,112
tt0014945,89
tt0014945,92
tt0014972,113
tt0015002,89
tt0015002,92
tt0015016,44
tt0015018,5
tt0015022,114
tt0015116,34
tt0015145,2
tt0015200,115
tt0015310,96
tt0015312,116
tt0015324,103
tt0015493,117
tt0015498,70
tt0015500,70
tt0015518,81
tt0015634,118
tt0015643,119
tt0015684,116
tt0015687,120
tt0015693,121
tt0015758,122
tt0015772,71
tt0015841,89
tt0015841,92
tt0015863,103
tt0015864,56
tt0015872,71
tt0015881,60
tt0015909,32
tt0016004,104
tt0016005,123
tt0016013,116
tt0016023,123
tt0016028,124
tt0016029,125
tt0016123,126
tt0016142,67
tt0016201,15
tt0016205,127
tt0016226,128
tt0016230,129
tt0016241,123
tt0016258,109
tt0016276,130
tt0016276,131
tt0016288,98
tt0016294,18
tt0016308,5
tt0016309,132
tt0016332,103
tt0016338,133
tt0016338,134
tt0016377,68
tt0016394,34
tt0016395,108
tt0016461,135
tt0016461,36
tt0016473,67
tt0016480,136
tt0016545,137
tt0016545,138
tt0016560,139
tt0016627,70
tt0016629,126
tt0016630,103
tt0016634,140
tt0016640,53
tt0016643,141
tt0016646,32
tt0016655,67
tt0016664,44
tt0016672,142
tt0016690,143
tt0016762,140
tt0016804,57
tt0016822,83
tt0016827,144
tt0016832,92
tt0016854,145
tt0016895,92
tt0016939,146
tt0016947,127
tt0016971,147
tt0017004,148
tt0017028,149
tt0017029,71
tt0017103,106
tt0017119,66
tt0017120,106
tt0017184,150
tt0017198,151
tt0017329,67
tt0017350,113
tt0017354,152
tt0017374,44
tt0017382,153
tt0017409,104
tt0017410,154
tt0017416,155
tt0017419,5
tt0017423,124
tt0017423,156
tt0017437,157
tt0017449,90
tt0017449,158
tt0017463,44
tt0017480,123
tt0017483,147
tt0017519,18
tt0017567,108
tt0017619,159
tt0017632,68
tt0017667,57
tt0017735,68
tt0017739,160
tt0017750,159
tt0017765,161
tt0017765,103
tt0017825,129
tt0017832,152
tt0017843,129
tt0017860,162
tt0017886,163
tt0017918,52
tt0017925,164
tt0017925,103
tt0017928,165
tt0017998,166
tt0018016,66
tt0018037,57
tt0018051,167
tt0018051,168
tt0018054,18
tt0018102,157
tt0018138,123
tt0018166,169
tt0018179,170
tt0018183,92
tt0018218,57
tt0018235,171
tt0018253,171
tt0018311,82
tt0018351,154
tt0018379,116
tt0018392,172
tt0018392,173
tt0018397,67
tt0018413,174
tt0018440,174
tt0018451,104
tt0018451,175
tt0018455,176
tt0018464,177
tt0018471,139
tt0018484,178
tt0018487,179
tt0018513,143
tt0018515,180
tt0018524,181
tt0018526,182
tt0018526,183
tt0018528,67
tt0018530,44
tt0018566,57
tt0018578,142
tt0018578,184
tt0018579,185
tt0018618,170
tt0018678,5
tt0018684,142
tt0018742,174
tt0018742,103
tt0018749,62
tt0018756,129
tt0018773,56
tt0018795,139
tt0018795,71
tt0018839,182
tt0018876,129
tt0018907,176
tt0018908,186
tt0018908,187
tt0018909,44
tt0018927,180
tt0018996,166
tt0019067,62
tt0019071,182
tt0019096,188
tt0019109,189
tt0019130,160
tt0019151,157
tt0019152,63
tt0019186,190
tt0019195,90
tt0019237,191
tt0019258,70
tt0019290,157
tt0019304,180
tt0019335,192
tt0019388,193
tt0019400,143
tt0019412,167
tt0019421,141
tt0019421,103
tt0019434,157
tt0019434,59
tt0019451,92
tt0019451,180
tt0019462,157
tt0019489,71
tt0019509,172
tt0019532,194
tt0019557,96
tt0019558,60
tt0019563,67
tt0019571,143
tt0019574,185
tt0019574,195
tt0019585,113
tt0019591,71
tt0019630,126
tt0019644,196
tt0019658,190
tt0019684,197
tt0019690,154
tt0019699,44
tt0019702,129
tt0019725,189
tt0019726,198
tt0019729,191
tt0019735,52
tt0019745,153
tt0019745,149
tt0019777,199
tt0019777,200
tt0019785,128
tt0019788,92
tt0019798,201
tt0019798,148
tt0019800,187
tt0019811,170
tt0019815,32
tt0019823,83
tt0019824,96
tt0019843,18
tt0019852,104
tt0019856,202
tt0019884,157
tt0019886,139
tt0019889,203
tt0019929,204
tt0019933,152
tt0019935,18
tt0019936,163
tt0019945,9
tt0019946,63
tt0019946,60
tt0019949,149
tt0019957,205
tt0019959,70
tt0019976,206
tt0019979,207
tt0019983,208
tt0019992,199
tt0019993,141
tt0019993,26
tt0020004,169
tt0020014,209
tt0020018,197
tt0020025,210
tt0020030,34
tt0020034,162
tt0020062,211
tt0020078,189
tt0020080,160
tt0020081,32
tt0020092,212
tt0020099,131
tt0020103,155
tt0020112,104
tt0020114,206
tt0020122,116
tt0020126,213
tt0020142,129
tt0020143,62
tt0020144,62
tt0020166,214
tt0020197,215
tt0020198,192
tt0020198,169
tt0020210,71
tt0020217,180
tt0020223,216
tt0020223,217
tt0020238,57
tt0020247,143
tt0020253,185
tt0020269,190
tt0020286,218
tt0020305,208
tt0020320,219
tt0020332,220
tt0020335,116
tt0020336,141
tt0020358,73
tt0020359,125
tt0020359,44
tt0020364,148
tt0020388,9
tt0020392,206
tt0020402,181
tt0020402,221
tt0020403,222
tt0020405,223
tt0020410,68
tt0020425,162
tt0020442,174
tt0020442,103
tt0020446,224
tt0020458,128
tt0020461,149
tt0020466,125
tt0020479,92
tt0020480,47
tt0020488,114
tt0020490,116
tt0020492,67
tt0020499,182
tt0020502,34
tt0020514,132
tt0020516,225
tt0020534,213
tt0020538,143
tt0020542,47
tt0020543,226
tt0020556,66
tt0020572,164
tt0020572,153
tt0020581,67
tt0020585,112
tt0020589,32
tt0020590,165
tt0020613,157
tt0020620,5
tt0020629,180
tt0020640,87
tt0020641,71
tt0020661,112
tt0020668,126
tt0020670,227
tt0020673,140
tt0020679,149
tt0020686,139
tt0020686,228
tt0020690,179
tt0020691,28
tt0020691,229
tt0020693,70
tt0020695,230
tt0020695,231
tt0020697,182
tt0020702,44
tt0020713,216
tt0020724,232
tt0020740,57
tt0020754,233
tt0020758,234
tt0020763,191
tt0020768,176
tt0020785,26
tt0020799,144
tt0020806,136
tt0020815,145
tt0020821,155
tt0020823,132
tt0020827,62
tt0020828,220
tt0020836,235
tt0020838,174
tt0020852,236
tt0020852,237
tt0020866,238
tt0020869,239
tt0020873,89
tt0020875,194
tt0020876,164
tt0020876,168
tt0020890,112
tt0020891,191
tt0020894,240
tt0020894,241
tt0020896,201
tt0020900,242
tt0020902,174
tt0020919,162
tt0020924,112
tt0020926,243
tt0020929,231
tt0020938,83
tt0020945,144
tt0020949,244
tt0020959,108
tt0020960,245
tt0020960,132
tt0020966,246
tt0020985,247
tt0020987,109
tt0021001,248
tt0021013,249
tt0021016,125
tt0021025,250
tt0021025,251
tt0021040,157
tt0021042,32
tt0021044,113
tt0021048,96
tt0021053,184
tt0021060,62
tt0021061,252
tt0021069,163
tt0021070,253
tt0021070,254
tt0021074,116
tt0021079,198
tt0021087,167
tt0021090,191
tt0021090,170
tt0021092,255
tt0021094,207
tt0021100,141
tt0021102,234
tt0021106,18
tt0021110,216
tt0021121,256
tt0021132,216
tt0021133,142
tt0021134,257
tt0021140,44
tt0021148,139
tt0021149,193
tt0021152,153
tt0021153,104
tt0021156,182
tt0021165,129
tt0021178,143
tt0021189,70
tt0021191,193
tt0021197,193
tt0021197,216
tt0021216,73
tt0021217,207
tt0021223,191
tt0021224,67
tt0021225,258
tt0021225,243
tt0021228,162
tt0021232,165
tt0021232,253
tt0021239,259
tt0021240,209
tt0021263,198
tt0021276,260
tt0021280,155
tt0021281,155
tt0021281,184
tt0021282,157
tt0021287,132
tt0021292,90
tt0021292,213
tt0021294,231
tt0021294,153
tt0021295,66
tt0021297,215
tt0021303,216
tt0021304,124
tt0021307,213
tt0021307,261
tt0021310,71
tt0021322,262
tt0021322,263
tt0021324,122
tt0021335,165
tt0021345,213
tt0021345,128
tt0021365,232
tt0021371,198
tt0021374,242
tt0021376,264
tt0021377,207
tt0021381,222
tt0021382,162
tt0021394,193
tt0021400,96
tt0021401,116
tt0021408,244
tt0021413,73
tt0021420,201
tt0021435,112
tt0021439,83
tt0021463,201
tt0021464,143
tt0021464,162
tt0021472,163
tt0021483,201
tt0021486,198
tt0021492,149
tt0021493,112
tt0021505,143
tt0021508,44
tt0021511,265
tt0021511,104
tt0021525,262
tt0021525,15
tt0021531,204
tt0021533,90
tt0021534,162
tt0021549,227
tt0021550,235
tt0021551,109
tt0021568,123
tt0021580,266
tt0021595,222
tt0021599,267
tt0021606,92
tt0021607,182
tt0021615,128
tt0021615,268
tt0021622,44
tt0021632,255
tt0021633,62
tt0021635,116
tt0021636,179
tt0021647,163
tt0021649,234
tt0021657,112
tt0021659,90
tt0021668,269
tt0021673,163
tt0021684,207
tt0021695,44
tt0021697,198
tt0021725,112
tt0021730,70
tt0021732,34
tt0021733,269
tt0021735,256
tt0021735,270
tt0021743,30
tt0021746,128
tt0021749,56
tt0021750,196
tt0021754,271
tt0021756,207
tt0021759,125
tt0021761,144
tt0021764,126
tt0021768,109
tt0021770,145
tt0021772,185
tt0021775,171
tt0021778,191
tt0021780,143
tt0021785,240
tt0021786,211
tt0021793,125
tt0021798,258
tt0021799,157
tt0021807,226
tt0021814,67
tt0021814,272
tt0021820,136
tt0021825,143
tt0021826,96
tt0021828,29
tt0021829,198
tt0021840,164
tt0021845,179
tt0021847,273
tt0021859,193
tt0021861,253
tt0021861,230
tt0021865,73
tt0021873,198
tt0021874,62
tt0021879,141
tt0021884,249
tt0021885,71
tt0021889,219
tt0021890,180
tt0021895,274
tt0021900,275
tt0021906,198
tt0021910,262
tt0021917,216
tt0021919,83
tt0021927,191
tt0021928,232
tt0021931,32
tt0021932,215
tt0021933,185
tt0021933,213
tt0021952,276
tt0021963,260
tt0021966,197
tt0021969,165
tt0021973,127
tt0021978,206
tt0021986,277
tt0021988,266
tt0021992,235
tt0022000,252
tt0022001,71
tt0022002,67
tt0022021,193
tt0022026,92
tt0022029,112
tt0022042,266
tt0022043,187
tt0022046,242
tt0022054,276
tt0022056,154
tt0022059,191
tt0022074,104
tt0022085,198
tt0022086,278
tt0022103,216
tt0022111,163
tt0022117,162
tt0022119,279
tt0022119,280
tt0022120,193
tt0022134,136
tt0022135,204
tt0022139,142
tt0022149,73
tt0022151,222
tt0022153,157
tt0022158,281
tt0022172,282
tt0022173,260
tt0022177,163
tt0022178,256
tt0022180,283
tt0022183,284
tt0022183,285
tt0022191,109
tt0022197,185
tt0022198,162
tt0022204,286
tt0022204,287
tt0022208,142
tt0022236,142
tt0022243,208
tt0022243,288
tt0022246,148
tt0022251,289
tt0022254,174
tt0022259,112
tt0022261,124
tt0022264,68
tt0022265,290
tt0022268,157
tt0022273,141
tt0022276,71
tt0022279,32
tt0022285,291
tt0022286,142
tt0022290,292
tt0022293,293
tt0022296,247
tt0022297,73
tt0022303,141
tt0022308,276
tt0022317,96
tt0022321,83
tt0022326,255
tt0022331,215
tt0022335,142
tt0022353,44
tt0022357,139
tt0022360,175
tt0022373,294
tt0022381,163
tt0022382,295
tt0022382,296
tt0022386,204
tt0022391,193
tt0022395,129
tt0022397,297
tt0022403,83
tt0022404,154
tt0022409,216
tt0022412,211
tt0022418,298
tt0022425,232
tt0022428,18
tt0022430,142
tt0022432,141
tt0022433,256
tt0022435,155
tt0022436,70
tt0022437,175
tt0022440,5
tt0022453,62
tt0022454,235
tt0022458,176
tt0022463,262
tt0022469,213
tt0022469,299
tt0022478,231
tt0022481,242
tt0022484,283
tt0022489,198
tt0022495,185
tt0022500,226
tt0022501,140
tt0022517,235
tt0022523,155
tt0022537,300
tt0022537,29
tt0022550,249
tt0022551,112
tt0022572,301
tt0022582,28
tt0022613,116
tt0022614,154
tt0022615,44
tt0022619,216
tt0022619,193
tt0022626,157
tt0022626,34
tt0022628,247
tt0022628,262
tt0022635,191
tt0022639,143
tt0022641,155
tt0022644,197
tt0022651,175
tt0022660,232
tt0022663,73
tt0022675,149
tt0022676,198
tt0022681,302
tt0022682,299
tt0022685,262
tt0022689,70
tt0022696,163
tt0022698,182
tt0022700,132
tt0022725,104
tt0022731,143
tt0022733,244
tt0022735,216
tt0022737,73
tt0022748,283
tt0022751,222
tt0022753,303
tt0022753,304
tt0022755,102
tt0022775,142
tt0022778,142
tt0022784,276
tt0022788,305
tt0022789,193
tt0022792,145
tt0022796,70
tt0022799,230
tt0022802,83
tt0022814,266
tt0022824,141
tt0022827,216
tt0022834,123
tt0022835,196
tt0022854,71
tt0022864,235
tt0022873,191
tt0022876,193
tt0022879,116
tt0022882,181
tt0022882,162
tt0022888,208
tt0022890,193
tt0022897,44
tt0022905,157
tt0022913,67
tt0022918,306
tt0022934,307
tt0022938,112
tt0022941,118
tt0022958,132
tt0022961,255
tt0022971,154
tt0022979,142
tt0022981,308
tt0022981,309
tt0022987,139
tt0022990,292
tt0022990,201
tt0022991,208
tt0023007,198
tt0023013,297
tt0023027,281
tt0023028,112
tt0023034,162
tt0023038,177
tt0023038,310
tt0023042,198
tt0023049,63
tt0023049,305
tt0023055,249
tt0023066,112
tt0023074,276
tt0023088,252
tt0023092,311
tt0023101,205
tt0023108,255
tt0023109,312
tt0023110,247
tt0023117,313
tt0023119,314
tt0023119,274
tt0023121,315
tt0023125,276
tt0023132,71
tt0023139,316
tt0023139,317
tt0023145,166
tt0023151,242
tt0023153,227
tt0023157,142
tt0023158,196
tt0023162,62
tt0023169,266
tt0023175,124
tt0023180,276
tt0023181,222
tt0023187,282
tt0023194,232
tt0023194,318
tt0023196,155
tt0023198,319
tt0023198,320
tt0023202,28
tt0023208,321
tt0023208,322
tt0023209,242
tt0023213,165
tt0023221,323
tt0023225,109
tt0023228,281
tt0023230,193
tt0023236,282
tt0023238,324
tt0023238,325
tt0023240,316
tt0023240,317
tt0023241,164
tt0023241,168
tt0023243,148
tt0023245,272
tt0023247,311
tt0023249,199
tt0023262,232
tt0023266,235
tt0023268,185
tt0023271,179
tt0023277,128
tt0023278,130
tt0023285,129
tt0023293,249
tt0023302,278
tt0023303,262
tt0023303,104
tt0023305,246
tt0023316,326
tt0023316,246
tt0023322,174
tt0023326,187
tt0023327,242
tt0023333,327
tt0023334,297
tt0023335,291
tt0023342,243
tt0023349,171
tt0023352,246
tt0023358,162
tt0023362,142
tt0023369,180
tt0023374,275
tt0023374,232
tt0023382,66
tt0023384,26
tt0023385,143
tt0023394,83
tt0023395,129
tt0023396,307
tt0023406,291
tt0023407,128
tt0023410,328
tt0023424,329
tt0023427,145
tt0023427,330
tt0023447,148
tt0023455,224
tt0023456,314
tt0023456,274
tt0023460,226
tt0023464,231
tt0023469,117
tt0023470,18
tt0023472,83
tt0023478,310
tt0023479,331
tt0023480,276
tt0023486,204
tt0023488,32
tt0023491,142
tt0023495,71
tt0023495,62
tt0023498,174
tt0023507,242
tt0023520,332
tt0023520,333
tt0023523,62
tt0023524,219
tt0023525,216
tt0023527,187
tt0023528,305
tt0023529,235
tt0023537,222
tt0023545,154
tt0023549,282
tt0023551,185
tt0023556,163
tt0023560,243
tt0023567,293
tt0023580,334
tt0023581,227
tt0023582,242
tt0023583,335
tt0023584,149
tt0023589,124
tt0023590,198
tt0023594,145
tt0023601,206
tt0023604,290
tt0023622,104
tt0023625,235
tt0023629,198
tt0023631,293
tt0023635,191
tt0023642,83
tt0023646,219
tt0023652,31
tt0023655,118
tt0023659,299
tt0023673,63
tt0023677,227
tt0023681,191
tt0023684,258
tt0023685,66
tt0023686,262
tt0023694,259
tt0023701,163
tt0023706,216
tt0023716,193
tt0023719,116
tt0023720,112
tt0023731,216
tt0023737,291
tt0023740,276
tt0023742,242
tt0023744,336
tt0023749,283
tt0023753,281
tt0023753,309
tt0023758,299
tt0023759,201
tt0023761,247
tt0023769,83
tt0023775,83
tt0023778,162
tt0023785,275
tt0023786,154
tt0023790,324
tt0023793,283
tt0023794,96
tt0023808,337
tt0023814,157
tt0023816,325
tt0023817,243
tt0023817,192
tt0023818,292
tt0023825,66
tt0023838,28
tt0023842,230
tt0023846,338
tt0023847,255
tt0023848,339
tt0023848,296
tt0023856,163
tt0023860,249
tt0023872,163
tt0023876,96
tt0023878,142
tt0023878,83
tt0023880,112
tt0023881,269
tt0023887,299
tt0023891,165
tt0023893,194
tt0023896,139
tt0023899,142
tt0023900,128
tt0023909,340
tt0023911,206
tt0023926,62
tt0023932,232
tt0023935,341
tt0023938,342
tt0023940,104
tt0023943,261
tt0023943,343
tt0023945,276
tt0023949,112
tt0023955,44
tt0023956,344
tt0023957,345
tt0023960,201
tt0023969,252
tt0023973,273
tt0023982,198
tt0023984,315
tt0023985,306
tt0023985,209
tt0023986,163
tt0023990,185
tt0023992,235
tt0023993,199
tt0023996,346
tt0024005,67
tt0024008,216
tt0024008,276
tt0024025,227
tt0024028,193
tt0024034,193
tt0024037,347
tt0024040,276
tt0024044,154
tt0024048,15
tt0024048,348
tt0024054,349
tt0024055,350
tt0024062,199
tt0024067,28
tt0024073,347
tt0024075,216
tt0024078,276
tt0024078,83
tt0024083,180
tt0024090,198
tt0024092,243
tt0024097,253
tt0024100,143
tt0024104,57
tt0024104,60
tt0024122,351
tt0024124,332
tt0024130,162
tt0024139,96
tt0024144,199
tt0024151,63
tt0024157,166
tt0024160,83
tt0024161,347
tt0024166,128
tt0024170,317
tt0024176,352
tt0024183,148
tt0024184,249
tt0024188,214
tt0024193,266
tt0024199,353
tt0024199,354
tt0024210,216
tt0024211,216
tt0024216,186
tt0024216,325
tt0024219,305
tt0024219,348
tt0024221,222
tt0024222,249
tt0024238,319
tt0024238,320
tt0024239,163
tt0024240,157
tt0024257,235
tt0024258,142
tt0024262,163
tt0024264,262
tt0024269,71
tt0024276,321
tt0024288,191
tt0024293,308
tt0024301,355
tt0024302,116
tt0024307,193
tt0024308,279
tt0024314,235
tt0024314,216
tt0024320,130
tt0024323,336
tt0024325,204
tt0024334,142
tt0024339,163
tt0024353,255
tt0024359,191
tt0024360,148
tt0024368,216
tt0024373,83
tt0024381,71
tt0024382,244
tt0024388,291
tt0024396,143
tt0024405,205
tt0024411,68
tt0024414,312
tt0024418,175
tt0024421,262
tt0024426,83
tt0024429,109
tt0024433,62
tt0024435,185
tt0024436,263
tt0024443,238
tt0024444,290
tt0024448,266
tt0024450,193
tt0024453,44
tt0024455,149
tt0024465,226
tt0024471,216
tt0024473,224
tt0024475,185
tt0024475,145
tt0024476,112
tt0024484,112
tt0024496,32
tt0024500,356
tt0024501,171
tt0024506,262
tt0024506,155
tt0024507,149
tt0024514,357
tt0024516,310
tt0024524,253
tt0024537,232
tt0024538,358
tt0024539,116
tt0024548,255
tt0024549,359
tt0024549,360
tt0024553,191
tt0024554,335
tt0024559,243
tt0024560,201
tt0024561,361
tt0024570,301
tt0024590,143
tt0024592,308
tt0024593,325
tt0024594,193
tt0024598,196
tt0024601,112
tt0024605,238
tt0024609,232
tt0024610,108
tt0024616,275
tt0024617,312
tt0024620,70
tt0024625,341
tt0024628,131
tt0024628,362
tt0024631,259
tt0024633,201
tt0024645,75
tt0024647,302
tt0024656,18
tt0024663,363
tt0024663,310
tt0024664,317
tt0024668,364
tt0024672,365
tt0024674,355
tt0024675,145
tt0024675,330
tt0024679,243
tt0024684,184
tt0024685,331
tt0024685,366
tt0024701,198
tt0024704,204
tt0024727,282
tt0024736,367
tt0024742,222
tt0024747,129
tt0024757,224
tt0024762,174
tt0024763,191
tt0024763,62
tt0024768,363
tt0024768,337
tt0024769,317
tt0024769,141
tt0024770,66
tt0024771,273
tt0024772,142
tt0024781,144
tt0024782,131
tt0024785,222
tt0024786,198
tt0024787,26
tt0024800,215
tt0024805,329
tt0024808,368
tt0024809,193
tt0024816,154
tt0024819,369
tt0024831,370
tt0024851,320
tt0024852,371
tt0024852,343
tt0024854,372
tt0024855,373
tt0024865,32
tt0024867,199
tt0024868,74
tt0024873,252
tt0024890,73
tt0024892,320
tt0024894,374
tt0024895,194
tt0024897,194
tt0024902,356
tt0024903,128
tt0024903,375
tt0024906,255
tt0024906,143
tt0024910,125
tt0024914,125
tt0024915,216
tt0024916,157
tt0024932,163
tt0024933,328
tt0024939,240
tt0024951,180
tt0024952,376
tt0024958,57
tt0024960,226
tt0024960,162
tt0024961,92
tt0024961,168
tt0024962,377
tt0024962,224
tt0024963,71
tt0024965,102
tt0024968,378
tt0024969,378
tt0024969,379
tt0024978,328
tt0024981,243
tt0024989,166
tt0024991,18
tt0024992,336
tt0025004,215
tt0025009,380
tt0025009,381
tt0025011,382
tt0025025,114
tt0025028,243
tt0025028,360
tt0025031,238
tt0025034,83
tt0025037,375
tt0025038,383
tt0025039,174
tt0025040,74
tt0025046,235
tt0025066,144
tt0025068,320
tt0025068,276
tt0025069,305
tt0025075,384
tt0025076,320
tt0025091,226
tt0025094,347
tt0025101,276
tt0025117,370
tt0025117,385
tt0025118,386
tt0025119,276
tt0025124,116
tt0025129,276
tt0025132,185
tt0025134,18
tt0025151,275
tt0025161,235
tt0025163,143
tt0025164,336
tt0025165,83
tt0025169,282
tt0025170,272
tt0025173,143
tt0025173,162
tt0025176,92
tt0025194,305
tt0025202,273
tt0025204,311
tt0025219,198
tt0025222,387
tt0025223,125
tt0025226,193
tt0025228,198
tt0025238,193
tt0025239,149
tt0025250,198
tt0025251,185
tt0025254,336
tt0025256,68
tt0025263,275
tt0025263,34
tt0025271,170
tt0025272,388
tt0025272,338
tt0025273,83
tt0025284,199
tt0025290,243
tt0025301,175
tt0025303,382
tt0025303,389
tt0025316,157
tt0025318,281
tt0025323,26
tt0025329,187
tt0025330,216
tt0025333,320
tt0025335,44
tt0025340,320
tt0025342,242
tt0025345,373
tt0025346,216
tt0025347,163
tt0025347,390
tt0025349,391
tt0025351,392
tt0025363,149
tt0025366,230
tt0025371,185
tt0025373,356
tt0025384,387
tt0025391,393
tt0025391,394
tt0025393,171
tt0025408,116
tt0025409,279
tt0025410,331
tt0025417,325
tt0025418,142
tt0025420,382
tt0025420,310
tt0025421,382
tt0025421,310
tt0025422,83
tt0025422,238
tt0025423,44
tt0025426,395
tt0025440,356
tt0025443,276
tt0025452,129
tt0025453,396
tt0025455,356
tt0025459,235
tt0025461,216
tt0025464,185
tt0025464,262
tt0025465,397
tt0025472,108
tt0025479,57
tt0025489,275
tt0025492,83
tt0025493,104
tt0025494,305
tt0025499,398
tt0025500,57
tt0025510,344
tt0025514,170
tt0025515,9
tt0025520,338
tt0025523,297
tt0025529,375
tt0025530,293
tt0025531,362
tt0025532,242
tt0025533,311
tt0025536,399
tt0025543,170
tt0025546,204
tt0025546,275
tt0025555,165
tt0025555,155
tt0025566,194
tt0025569,116
tt0025579,400
tt0025580,355
tt0025586,201
tt0025590,124
tt0025596,74
tt0025600,249
tt0025601,219
tt0025607,275
tt0025610,70
tt0025611,62
tt0025617,275
tt0025619,244
tt0025629,341
tt0025644,401
tt0025645,57
tt0025674,142
tt0025681,224
tt0025699,329
tt0025704,386
tt0025709,199
tt0025710,402
tt0025712,401
tt0025718,112
tt0025720,132
tt0025725,131
tt0025725,362
tt0025731,312
tt0025740,71
tt0025746,182
tt0025747,81
tt0025748,403
tt0025755,214
tt0025759,404
tt0025762,318
tt0025763,31
tt0025763,341
tt0025774,317
tt0025785,141
tt0025788,83
tt0025797,112
tt0025799,252
tt0025803,199
tt0025809,386
tt0025822,201
tt0025826,243
tt0025828,162
tt0025828,143
tt0025829,269
tt0025830,356
tt0025833,142
tt0025836,144
tt0025838,317
tt0025843,141
tt0025844,291
tt0025850,198
tt0025862,405
tt0025862,406
tt0025878,185
tt0025880,266
tt0025882,201
tt0025883,226
tt0025893,355
tt0025903,356
tt0025905,244
tt0025907,66
tt0025919,145
tt0025920,243
tt0025923,317
tt0025935,163
tt0025939,407
tt0025943,408
tt0025945,193
tt0025948,143
tt0025948,145
tt0025954,407
tt0025964,196
tt0025965,297
tt0025966,112
tt0025967,68
tt0025969,356
tt0025973,154
tt0025982,291
tt0025983,194
tt0025989,232
tt0026003,238
tt0026006,136
tt0026007,193
tt0026008,44
tt0026015,141
tt0026017,214
tt0026019,200
tt0026023,409
tt0026029,129
tt0026043,62
tt0026045,396
tt0026046,71
tt0026047,283
tt0026055,243
tt0026056,373
tt0026071,71
tt0026073,373
tt0026075,26
tt0026082,318
tt0026085,283
tt0026092,28
tt0026097,145
tt0026097,206
tt0026104,196
tt0026104,255
tt0026107,375
tt0026113,297
tt0026117,247
tt0026120,190
tt0026121,216
tt0026123,194
tt0026124,34
tt0026126,161
tt0026129,235
tt0026132,124
tt0026134,369
tt0026137,128
tt0026138,249
tt0026139,360
tt0026142,193
tt0026143,410
tt0026144,163
tt0026144,185
tt0026164,142
tt0026174,216
tt0026179,117
tt0026179,411
tt0026180,215
tt0026184,216
tt0026185,235
tt0026187,341
tt0026191,145
tt0026195,401
tt0026197,412
tt0026198,146
tt0026198,269
tt0026199,413
tt0026205,246
tt0026209,47
tt0026211,414
tt0026216,415
tt0026221,275
tt0026230,282
tt0026245,321
tt0026246,182
tt0026249,18
tt0026252,197
tt0026261,83
tt0026262,372
tt0026264,32
tt0026266,262
tt0026267,356
tt0026273,416
tt0026275,193
tt0026276,182
tt0026277,148
tt0026279,319
tt0026279,293
tt0026289,199
tt0026292,125
tt0026293,276
tt0026303,319
tt0026313,191
tt0026315,317
tt0026325,28
tt0026333,417
tt0026338,66
tt0026343,171
tt0026361,347
tt0026363,132
tt0026369,199
tt0026373,163
tt0026377,328
tt0026378,375
tt0026385,193
tt0026388,216
tt0026393,320
tt0026400,206
tt0026402,418
tt0026403,419
tt0026403,372
tt0026406,420
tt0026409,128
tt0026413,83
tt0026416,149
tt0026417,185
tt0026418,235
tt0026418,216
tt0026419,331
tt0026420,199
tt0026421,360
tt0026424,206
tt0026426,83
tt0026431,214
tt0026432,68
tt0026446,404
tt0026452,375
tt0026465,281
tt0026491,130
tt0026493,319
tt0026505,199
tt0026507,201
tt0026508,198
tt0026519,112
tt0026523,193
tt0026524,368
tt0026525,112
tt0026529,44
tt0026534,193
tt0026542,201
tt0026571,338
tt0026599,417
tt0026605,325
tt0026605,186
tt0026606,349
tt0026607,407
tt0026607,15
tt0026609,311
tt0026614,356
tt0026621,162
tt0026629,368
tt0026632,216
tt0026641,125
tt0026643,355
tt0026644,116
tt0026646,194
tt0026647,421
tt0026656,317
tt0026663,272
tt0026667,175
tt0026671,312
tt0026675,414
tt0026676,164
tt0026676,422
tt0026683,397
tt0026684,382
tt0026685,67
tt0026688,226
tt0026689,320
tt0026711,423
tt0026714,276
tt0026714,424
tt0026720,274
tt0026720,310
tt0026721,243
tt0026723,148
tt0026723,128
tt0026725,275
tt0026739,425
tt0026740,426
tt0026742,174
tt0026743,404
tt0026744,240
tt0026747,368
tt0026752,96
tt0026755,170
tt0026756,427
tt0026758,273
tt0026759,428
tt0026768,62
tt0026768,185
tt0026772,429
tt0026772,430
tt0026773,429
tt0026774,431
tt0026775,306
tt0026778,162
tt0026778,132
tt0026781,373
tt0026784,414
tt0026787,247
tt0026787,262
tt0026799,275
tt0026805,198
tt0026811,396
tt0026818,432
tt0026819,26
tt0026835,68
tt0026839,146
tt0026840,198
tt0026846,431
tt0026852,214
tt0026854,270
tt0026864,425
tt0026865,433
tt0026866,355
tt0026867,253
tt0026867,274
tt0026868,386
tt0026886,434
tt0026893,154
tt0026895,291
tt0026897,214
tt0026901,341
tt0026908,356
tt0026910,435
tt0026912,436
tt0026914,66
tt0026917,293
tt0026919,338
tt0026921,249
tt0026922,226
tt0026922,162
tt0026926,370
tt0026926,219
tt0026932,291
tt0026934,320
tt0026939,55
tt0026942,112
tt0026955,252
tt0026956,266
tt0026966,437
tt0026966,129
tt0026970,380
tt0026970,381
tt0026971,89
tt0026972,438
tt0026973,276
tt0026978,439
tt0026978,440
tt0026980,136
tt0026982,316
tt0026983,441
tt0026983,324
tt0026984,246
tt0026986,154
tt0026988,116
tt0026991,417
tt0026992,368
tt0027000,442
tt0027018,70
tt0027020,136
tt0027028,416
tt0027029,320
tt0027033,317
tt0027040,312
tt0027041,320
tt0027042,44
tt0027050,116
tt0027053,391
tt0027057,443
tt0027064,83
tt0027067,262
tt0027075,143
tt0027075,62
tt0027087,356
tt0027088,163
tt0027090,334
tt0027099,215
tt0027110,136
tt0027125,336
tt0027131,166
tt0027133,243
tt0027136,294
tt0027139,389
tt0027166,226
tt0027185,108
tt0027188,243
tt0027189,70
tt0027194,273
tt0027196,330
tt0027200,356
tt0027204,243
tt0027205,162
tt0027207,57
tt0027214,44
tt0027221,316
tt0027227,136
tt0027228,199
tt0027247,378
tt0027250,136
tt0027254,314
tt0027254,444
tt0027255,445
tt0027258,396
tt0027260,185
tt0027286,446
tt0027293,317
tt0027300,198
tt0027300,216
tt0027302,180
tt0027311,377
tt0027331,201
tt0027332,319
tt0027345,447
tt0027356,375
tt0027357,28
tt0027358,370
tt0027358,440
tt0027361,308
tt0027361,389
tt0027367,235
tt0027367,216
tt0027376,161
tt0027376,343
tt0027377,448
tt0027387,163
tt0027395,449
tt0027396,277
tt0027407,320
tt0027408,439
tt0027408,440
tt0027413,193
tt0027415,319
tt0027420,450
tt0027421,125
tt0027428,277
tt0027428,57
tt0027429,395
tt0027438,216
tt0027439,372
tt0027440,305
tt0027441,305
tt0027442,451
tt0027443,370
tt0027445,243
tt0027455,83
tt0027456,149
tt0027459,145
tt0027459,206
tt0027470,452
tt0027473,153
tt0027474,165
tt0027479,453
tt0027481,454
tt0027482,26
tt0027482,440
tt0027484,386
tt0027488,455
tt0027496,240
tt0027499,382
tt0027501,417
tt0027502,274
tt0027502,389
tt0027504,282
tt0027515,116
tt0027518,185
tt0027518,292
tt0027521,67
tt0027527,112
tt0027532,206
tt0027537,244
tt0027545,74
tt0027562,243
tt0027593,312
tt0027594,136
tt0027623,456
tt0027623,401
tt0027624,314
tt0027624,75
tt0027630,336
tt0027635,437
tt0027652,457
tt0027654,455
tt0027656,341
tt0027657,275
tt0027660,196
tt0027664,180
tt0027665,458
tt0027665,89
tt0027669,445
tt0027677,197
tt0027679,235
tt0027684,355
tt0027686,193
tt0027687,83
tt0027690,71
tt0027697,102
tt0027700,459
tt0027700,320
tt0027725,319
tt0027726,116
tt0027727,460
tt0027746,185
tt0027760,461
tt0027800,74
tt0027805,410
tt0027807,238
tt0027810,347
tt0027824,438
tt0027830,462
tt0027838,414
tt0027840,371
tt0027845,136
tt0027847,182
tt0027849,389
tt0027851,28
tt0027860,247
tt0027862,312
tt0027869,136
tt0027875,395
tt0027876,389
tt0027884,143
tt0027893,201
tt0027902,108
tt0027905,389
tt0027908,130
tt0027913,449
tt0027914,185
tt0027921,370
tt0027923,136
tt0027932,230
tt0027938,463
tt0027940,166
tt0027948,44
tt0027948,464
tt0027952,465
tt0027954,466
tt0027959,368
tt0027969,252
tt0027969,427
tt0027977,56
tt0027979,112
tt0027980,341
tt0027985,83
tt0027996,157
tt0027999,435
tt0028000,282
tt0028002,410
tt0028003,439
tt0028003,440
tt0028004,407
tt0028008,318
tt0028010,154
tt0028029,247
tt0028031,436
tt0028033,463
tt0028054,389
tt0028062,215
tt0028063,338
tt0028070,372
tt0028074,467
tt0028092,281
tt0028096,235
tt0028097,155
tt0028102,62
tt0028103,125
tt0028108,18
tt0028111,468
tt0028112,44
tt0028117,277
tt0028118,197
tt0028120,148
tt0028132,253
tt0028135,238
tt0028138,226
tt0028140,75
tt0028141,44
tt0028142,163
tt0028143,246
tt0028144,231
tt0028158,108
tt0028163,274
tt0028167,224
tt0028174,259
tt0028176,270
tt0028176,469
tt0028178,297
tt0028181,389
tt0028190,412
tt0028191,145
tt0028197,142
tt0028200,75
tt0028203,262
tt0028207,185
tt0028212,129
tt0028216,185
tt0028219,276
tt0028227,282
tt0028231,129
tt0028240,334
tt0028241,75
tt0028243,470
tt0028249,249
tt0028257,320
tt0028257,360
tt0028260,452
tt0028269,142
tt0028269,62
tt0028270,200
tt0028272,243
tt0028282,471
tt0028283,472
tt0028284,412
tt0028286,193
tt0028290,412
tt0028291,341
tt0028305,360
tt0028310,216
tt0028313,276
tt0028315,112
tt0028321,297
tt0028330,155
tt0028331,454
tt0028333,373
tt0028334,341
tt0028345,311
tt0028345,473
tt0028346,15
tt0028352,70
tt0028353,433
tt0028354,449
tt0028356,206
tt0028358,303
tt0028359,375
tt0028367,275
tt0028371,198
tt0028372,401
tt0028373,474
tt0028377,319
tt0028383,277
tt0028398,31
tt0028400,461
tt0028401,355
tt0028405,475
tt0028416,291
tt0028426,277
tt0028433,244
tt0028442,96
tt0028444,274
tt0028444,389
tt0028447,162
tt0028455,128
tt0028471,311
tt0028478,216
tt0028479,200
tt0028481,440
tt0028483,200
tt0028484,26
tt0028486,279
tt0028496,124
tt0028499,276
tt0028505,71
tt0028509,124
tt0028510,308
tt0028511,171
tt0028513,370
tt0028517,336
tt0028522,434
tt0028527,331
tt0028555,410
tt0028557,452
tt0028564,277
tt0028566,125
tt0028567,476
tt0028568,161
tt0028575,104
tt0028579,276
tt0028582,477
tt0028587,28
tt0028589,455
tt0028597,252
tt0028599,243
tt0028603,436
tt0028607,15
tt0028616,462
tt0028618,330
tt0028623,136
tt0028628,116
tt0028628,136
tt0028629,471
tt0028637,75
tt0028646,389
tt0028650,461
tt0028651,153
tt0028651,478
tt0028653,407
tt0028659,171
tt0028661,165
tt0028662,170
tt0028663,479
tt0028665,163
tt0028667,412
tt0028668,394
tt0028669,480
tt0028670,412
tt0028676,247
tt0028677,481
tt0028679,235
tt0028691,66
tt0028695,395
tt0028707,378
tt0028708,305
tt0028709,378
tt0028737,399
tt0028739,71
tt0028739,478
tt0028755,374
tt0028757,373
tt0028758,410
tt0028761,482
tt0028764,311
tt0028767,347
tt0028770,199
tt0028772,162
tt0028773,206
tt0028776,455
tt0028783,214
tt0028785,290
tt0028785,401
tt0028788,483
tt0028799,26
tt0028804,311
tt0028806,88
tt0028807,194
tt0028808,412
tt0028816,375
tt0028818,386
tt0028827,195
tt0028827,437
tt0028829,155
tt0028836,269
tt0028841,358
tt0028842,193
tt0028843,148
tt0028850,136
tt0028868,244
tt0028872,226
tt0028873,62
tt0028874,484
tt0028880,436
tt0028882,410
tt0028887,395
tt0028891,109
tt0028907,231
tt0028934,389
tt0028939,360
tt0028941,320
tt0028944,32
tt0028944,66
tt0028945,304
tt0028950,485
tt0028953,249
tt0028955,276
tt0028958,116
tt0028971,389
tt0028988,34
tt0028998,109
tt0029000,196
tt0029001,461
tt0029002,116
tt0029004,308
tt0029006,28
tt0029009,486
tt0029009,487
tt0029010,360
tt0029012,382
tt0029019,170
tt0029020,488
tt0029028,489
tt0029030,44
tt0029034,481
tt0029036,128
tt0029043,247
tt0029044,481
tt0029050,171
tt0029056,372
tt0029064,227
tt0029066,238
tt0029080,216
tt0029081,463
tt0029081,469
tt0029082,198
tt0029087,211
tt0029102,240
tt0029108,490
tt0029109,274
tt0029118,396
tt0029119,394
tt0029120,275
tt0029120,165
tt0029144,112
tt0029145,112
tt0029146,276
tt0029157,155
tt0029158,436
tt0029159,462
tt0029162,157
tt0029165,246
tt0029166,231
tt0029171,215
tt0029179,162
tt0029179,478
tt0029190,96
tt0029193,358
tt0029196,136
tt0029201,187
tt0029201,224
tt0029207,452
tt0029209,141
tt0029217,193
tt0029217,216
tt0029218,341
tt0029222,62
tt0029231,473
tt0029238,410
tt0029253,395
tt0029263,216
tt0029267,83
tt0029277,102
tt0029283,136
tt0029284,491
tt0029289,401
tt0029297,162
tt0029301,492
tt0029303,449
tt0029308,326
tt0029309,240
tt0029310,311
tt0029318,371
tt0029319,463
tt0029321,461
tt0029322,142
tt0029328,28
tt0029334,389
tt0029335,304
tt0029337,389
tt0029345,163
tt0029347,474
tt0029361,26
tt0029364,120
tt0029365,227
tt0029365,226
tt0029367,290
tt0029367,401
tt0029377,175
tt0029391,216
tt0029394,493
tt0029395,185
tt0029401,174
tt0029440,320
tt0029440,276
tt0029442,201
tt0029442,185
tt0029445,389
tt0029446,231
tt0029454,373
tt0029467,243
tt0029482,453
tt0029486,308
tt0029488,174
tt0029491,249
tt0029498,308
tt0029499,185
tt0029501,389
tt0029505,461
tt0029508,290
tt0029508,494
tt0029511,193
tt0029516,143
tt0029517,440
tt0029527,244
tt0029529,130
tt0029539,108
tt0029541,277
tt0029542,495
tt0029546,336
tt0029565,496
tt0029568,356
tt0029571,243
tt0029573,497
tt0029577,246
tt0029578,455
tt0029579,243
tt0029581,410
tt0029583,498
tt0029583,499
tt0029584,370
tt0029588,219
tt0029593,355
tt0029602,389
tt0029603,226
tt0029605,246
tt0029606,142
tt0029606,143
tt0029608,70
tt0029609,378
tt0029611,500
tt0029611,347
tt0029617,193
tt0029622,244
tt0029626,375
tt0029646,501
tt0029648,502
tt0029650,132
tt0029654,468
tt0029654,440
tt0029655,200
tt0029656,185
tt0029658,198
tt0029659,338
tt0029660,502
tt0029661,136
tt0029662,112
tt0029664,83
tt0029670,266
tt0029671,454
tt0029672,314
tt0029672,503
tt0029675,215
tt0029675,331
tt0029682,281
tt0029685,271
tt0029694,356
tt0029695,128
tt0029709,136
tt0029712,113
tt0029725,320
tt0029734,151
tt0029737,197
tt0029742,149
tt0029744,338
tt0029750,468
tt0029751,44
tt0029752,96
tt0029754,473
tt0029760,28
tt0029761,504
tt0029761,372
tt0029764,191
tt0029764,505
tt0029785,483
tt0029785,506
tt0029786,449
tt0029789,102
tt0029790,271
tt0029799,63
tt0029804,26
tt0029806,297
tt0029808,457
tt0029811,129
tt0029818,477
tt0029818,494
tt0029836,395
tt0029841,293
tt0029842,235
tt0029842,201
tt0029843,216
tt0029843,320
tt0029844,297
tt0029845,244
tt0029845,436
tt0029852,108
tt0029855,201
tt0029861,338
tt0029864,271
tt0029870,216
tt0029872,436
tt0029884,155
tt0029892,291
tt0029894,507
tt0029895,488
tt0029899,130
tt0029906,481
tt0029912,375
tt0029912,394
tt0029915,389
tt0029918,508
tt0029923,102
tt0029924,276
tt0029925,200
tt0029926,410
tt0029927,282
tt0029929,104
tt0029940,193
tt0029941,170
tt0029942,297
tt0029947,145
tt0029948,473
tt0029949,320
tt0029950,18
tt0029951,412
tt0029952,394
tt0029961,274
tt0029961,509
tt0029971,336
tt0029976,488
tt0029982,404
tt0029982,510
tt0029984,305
tt0029989,415
tt0029992,341
tt0029995,70
tt0030002,28
tt0030007,360
tt0030007,473
tt0030010,436
tt0030018,447
tt0030018,511
tt0030019,193
tt0030021,334
tt0030022,436
tt0030026,146
tt0030026,395
tt0030031,311
tt0030037,508
tt0030044,132
tt0030057,427
tt0030059,477
tt0030059,494
tt0030062,512
tt0030063,425
tt0030066,513
tt0030074,436
tt0030079,514
tt0030082,437
tt0030089,515
tt0030089,516
tt0030090,83
tt0030108,341
tt0030120,299
tt0030135,311
tt0030136,517
tt0030138,314
tt0030138,75
tt0030145,198
tt0030149,216
tt0030150,44
tt0030151,216
tt0030161,488
tt0030168,74
tt0030169,63
tt0030171,360
tt0030181,297
tt0030182,62
tt0030183,277
tt0030184,518
tt0030185,317
tt0030188,109
tt0030190,243
tt0030191,243
tt0030192,216
tt0030194,368
tt0030194,447
tt0030202,519
tt0030202,66
tt0030213,163
tt0030214,243
tt0030216,171
tt0030220,146
tt0030224,488
tt0030225,146
tt0030228,520
tt0030231,304
tt0030239,368
tt0030240,341
tt0030241,262
tt0030254,331
tt0030256,521
tt0030256,522
tt0030257,432
tt0030261,130
tt0030265,96
tt0030270,93
tt0030273,417
tt0030277,473
tt0030279,517
tt0030283,432
tt0030287,206
tt0030293,246
tt0030295,136
tt0030302,197
tt0030317,125
tt0030321,388
tt0030321,482
tt0030341,129
tt0030350,506
tt0030353,436
tt0030359,175
tt0030368,341
tt0030371,197
tt0030374,473
tt0030378,403
tt0030382,477
tt0030382,494
tt0030384,162
tt0030386,136
tt0030387,311
tt0030392,484
tt0030395,297
tt0030400,468
tt0030409,389
tt0030410,491
tt0030412,311
tt0030413,116
tt0030418,185
tt0030418,519
tt0030423,314
tt0030423,75
tt0030433,360
tt0030442,281
tt0030449,481
tt0030464,215
tt0030469,502
tt0030470,413
tt0030473,170
tt0030479,473
tt0030481,163
tt0030483,502
tt0030485,120
tt0030491,395
tt0030500,491
tt0030517,71
tt0030518,304
tt0030535,136
tt0030545,487
tt0030548,382
tt0030550,487
tt0030554,299
tt0030558,488
tt0030563,523
tt0030563,524
tt0030621,488
tt0030625,481
tt0030628,451
tt0030631,317
tt0030637,172
tt0030637,525
tt0030650,193
tt0030652,474
tt0030655,401
tt0030657,34
tt0030663,487
tt0030668,382
tt0030675,526
tt0030679,367
tt0030689,337
tt0030696,112
tt0030708,527
tt0030709,468
tt0030710,433
tt0030714,487
tt0030725,455
tt0030727,320
tt0030731,274
tt0030732,215
tt0030734,454
tt0030739,473
tt0030741,200
tt0030743,116
tt0030744,447
tt0030746,425
tt0030752,128
tt0030754,249
tt0030755,271
tt0030760,436
tt0030764,193
tt0030765,436
tt0030774,347
tt0030775,355
tt0030779,161
tt0030779,401
tt0030781,329
tt0030783,528
tt0030786,162
tt0030793,283
tt0030802,125
tt0030808,44
tt0030811,34
tt0030812,488
tt0030817,185
tt0030817,62
tt0030820,243
tt0030824,102
tt0030824,261
tt0030831,464
tt0030832,429
tt0030832,430
tt0030833,293
tt0030839,257
tt0030845,445
tt0030846,529
tt0030850,394
tt0030853,242
tt0030854,396
tt0030856,281
tt0030857,331
tt0030858,530
tt0030864,112
tt0030865,116
tt0030867,311
tt0030879,143
tt0030881,531
tt0030882,124
tt0030883,395
tt0030884,124
tt0030887,311
tt0030888,246
tt0030910,389
tt0030925,320
tt0030933,532
tt0030944,373
tt0030968,277
tt0030973,132
tt0030981,249
tt0030983,514
tt0030985,484
tt0030989,143
tt0030990,136
tt0030993,157
tt0030996,457
tt0030997,136
tt0031000,533
tt0031002,279
tt0031002,180
tt0031012,395
tt0031012,120
tt0031014,136
tt0031020,311
tt0031021,534
tt0031022,388
tt0031033,112
tt0031038,331
tt0031043,185
tt0031045,243
tt0031047,185
tt0031051,389
tt0031054,394
tt0031055,535
tt0031058,304
tt0031060,299
tt0031066,360
tt0031067,491
tt0031068,226
tt0031071,436
tt0031072,462
tt0031074,367
tt0031077,304
tt0031082,490
tt0031088,142
tt0031089,506
tt0031102,447
tt0031103,277
tt0031103,216
tt0031104,318
tt0031106,282
tt0031107,282
tt0031108,282
tt0031117,536
tt0031120,462
tt0031121,62
tt0031122,537
tt0031124,394
tt0031125,394
tt0031126,259
tt0031133,533
tt0031137,261
tt0031143,317
tt0031147,502
tt0031148,517
tt0031149,502
tt0031161,507
tt0031166,120
tt0031169,432
tt0031173,271
tt0031177,436
tt0031178,304
tt0031179,74
tt0031192,538
tt0031203,528
tt0031207,477
tt0031207,494
tt0031208,402
tt0031210,132
tt0031211,443
tt0031212,216
tt0031215,490
tt0031216,389
tt0031225,368
tt0031229,539
tt0031230,477
tt0031230,494
tt0031235,216
tt0031252,44
tt0031259,146
tt0031260,320
tt0031261,125
tt0031280,193
tt0031282,246
tt0031285,197
tt0031289,454
tt0031298,360
tt0031299,341
tt0031302,154
tt0031311,474
tt0031314,473
tt0031315,407
tt0031322,148
tt0031325,449
tt0031334,437
tt0031335,528
tt0031336,216
tt0031346,34
tt0031353,473
tt0031359,535
tt0031367,507
tt0031370,464
tt0031377,196
tt0031381,66
tt0031381,262
tt0031383,331
tt0031385,162
tt0031385,32
tt0031387,34
tt0031389,83
tt0031392,491
tt0031394,314
tt0031394,401
tt0031397,540
tt0031397,541
tt0031398,373
tt0031403,136
tt0031406,537
tt0031409,542
tt0031412,190
tt0031412,146
tt0031417,341
tt0031433,197
tt0031433,103
tt0031438,543
tt0031440,247
tt0031442,299
tt0031448,338
tt0031450,261
tt0031455,276
tt0031466,185
tt0031466,116
tt0031470,367
tt0031473,71
tt0031477,201
tt0031478,389
tt0031482,193
tt0031489,378
tt0031490,328
tt0031491,490
tt0031493,128
tt0031495,319
tt0031500,185
tt0031505,129
tt0031507,108
tt0031507,197
tt0031516,276
tt0031517,136
tt0031530,146
tt0031532,528
tt0031533,359
tt0031536,146
tt0031547,244
tt0031548,544
tt0031549,143
tt0031549,545
tt0031557,461
tt0031565,143
tt0031566,518
tt0031572,142
tt0031575,546
tt0031575,547
tt0031580,130
tt0031580,112
tt0031586,477
tt0031586,494
tt0031589,548
tt0031593,252
tt0031595,297
tt0031599,118
tt0031602,201
tt0031608,341
tt0031611,336
tt0031612,62
tt0031614,231
tt0031619,249
tt0031620,370
tt0031621,549
tt0031621,550
tt0031630,382
tt0031641,464
tt0031645,551
tt0031647,375
tt0031648,552
tt0031650,219
tt0031657,67
tt0031668,374
tt0031676,502
tt0031677,517
tt0031678,502
tt0031679,157
tt0031680,170
tt0031704,170
tt0031708,395
tt0031709,395
tt0031710,395
tt0031712,243
tt0031716,317
tt0031718,487
tt0031721,553
tt0031722,487
tt0031725,104
tt0031737,151
tt0031742,180
tt0031743,316
tt0031747,193
tt0031750,132
tt0031754,533
tt0031756,243
tt0031757,547
tt0031761,306
tt0031762,145
tt0031774,436
tt0031777,554
tt0031796,314
tt0031796,555
tt0031804,207
tt0031825,120
tt0031826,216
tt0031828,556
tt0031831,425
tt0031831,530
tt0031835,71
tt0031838,488
tt0031842,355
tt0031845,281
tt0031847,488
tt0031851,557
tt0031867,28
tt0031877,490
tt0031880,389
tt0031885,485
tt0031890,473
tt0031891,558
tt0031907,338
tt0031908,120
tt0031909,533
tt0031917,182
tt0031925,488
tt0031937,534
tt0031946,341
tt0031950,242
tt0031951,215
tt0031955,473
tt0031957,487
tt0031968,386
tt0031971,44
tt0031972,185
tt0031973,108
tt0031973,253
tt0031976,507
tt0031981,197
tt0031983,447
tt0031987,170
tt0031988,545
tt0031995,112
tt0031995,130
tt0031996,338
tt0031999,118
tt0032004,163
tt0032007,311
tt0032010,545
tt0032015,125
tt0032017,331
tt0032018,528
tt0032019,553
tt0032022,360
tt0032023,235
tt0032028,34
tt0032030,474
tt0032032,487
tt0032034,136
tt0032043,281
tt0032044,120
tt0032045,427
tt0032047,259
tt0032049,215
tt0032059,432
tt0032065,436
tt0032080,18
tt0032114,464
tt0032114,349
tt0032115,132
tt0032124,175
tt0032125,304
tt0032128,490
tt0032130,193
tt0032135,478
tt0032138,66
tt0032138,262
tt0032142,473
tt0032143,262
tt0032145,206
tt0032146,487
tt0032149,320
tt0032152,368
tt0032152,109
tt0032153,146
tt0032157,262
tt0032158,458
tt0032164,477
tt0032164,494
tt0032176,132
tt0032178,311
tt0032179,421
tt0032181,201
tt0032184,477
tt0032184,494
tt0032194,271
tt0032198,120
tt0032205,514
tt0032206,136
tt0032207,243
tt0032209,380
tt0032209,559
tt0032211,554
tt0032215,170
tt0032220,375
tt0032221,128
tt0032234,109
tt0032245,231
tt0032247,148
tt0032252,473
tt0032254,511
tt0032256,185
tt0032258,481
tt0032261,282
tt0032262,282
tt0032263,282
tt0032264,130
tt0032273,143
tt0032277,560
tt0032281,355
tt0032283,534
tt0032284,297
tt0032285,193
tt0032286,243
tt0032289,336
tt0032290,314
tt0032290,555
tt0032299,395
tt0032304,279
tt0032305,514
tt0032312,389
tt0032313,454
tt0032315,271
tt0032321,108
tt0032323,328
tt0032324,495
tt0032325,502
tt0032326,378
tt0032333,193
tt0032338,561
tt0032339,562
tt0032341,517
tt0032342,271
tt0032342,563
tt0032346,389
tt0032349,70
tt0032353,447
tt0032354,564
tt0032354,437
tt0032356,386
tt0032358,231
tt0032359,556
tt0032366,454
tt0032369,565
tt0032373,565
tt0032376,165
tt0032376,163
tt0032383,28
tt0032390,566
tt0032391,395
tt0032396,276
tt0032397,331
tt0032404,170
tt0032406,480
tt0032410,197
tt0032412,325
tt0032413,276
tt0032414,533
tt0032415,533
tt0032416,533
tt0032420,477
tt0032420,494
tt0032422,528
tt0032423,74
tt0032424,311
tt0032424,347
tt0032428,75
tt0032429,83
tt0032432,71
tt0032438,358
tt0032447,198
tt0032455,567
tt0032455,568
tt0032457,170
tt0032467,320
tt0032472,407
tt0032473,407
tt0032475,314
tt0032475,401
tt0032476,146
tt0032477,116
tt0032481,83
tt0032484,129
tt0032487,360
tt0032499,534
tt0032503,136
tt0032505,359
tt0032511,304
tt0032520,368
tt0032521,462
tt0032530,231
tt0032536,299
tt0032539,341
tt0032539,291
tt0032550,359
tt0032551,44
tt0032553,56
tt0032554,561
tt0032556,130
tt0032557,161
tt0032558,249
tt0032559,314
tt0032559,569
tt0032566,233
tt0032571,530
tt0032571,311
tt0032575,163
tt0032576,331
tt0032592,488
tt0032596,112
tt0032599,145
tt0032602,445
tt0032609,235
tt0032609,129
tt0032610,399
tt0032612,96
tt0032613,324
tt0032614,341
tt0032617,185
tt0032620,490
tt0032624,125
tt0032634,445
tt0032635,399
tt0032636,193
tt0032637,148
tt0032638,151
tt0032641,407
tt0032643,146
tt0032644,112
tt0032651,355
tt0032668,395
tt0032670,136
tt0032671,162
tt0032676,193
tt0032676,226
tt0032686,318
tt0032687,570
tt0032690,571
tt0032699,304
tt0032701,206
tt0032703,283
tt0032706,488
tt0032710,197
tt0032717,281
tt0032718,297
tt0032719,108
tt0032725,572
tt0032726,572
tt0032728,44
tt0032730,336
tt0032733,180
tt0032741,362
tt0032746,324
tt0032747,557
tt0032750,560
tt0032753,231
tt0032761,370
tt0032761,244
tt0032762,196
tt0032763,445
tt0032766,108
tt0032779,200
tt0032782,253
tt0032782,274
tt0032786,464
tt0032788,378
tt0032790,319
tt0032796,427
tt0032799,124
tt0032811,116
tt0032818,26
tt0032819,372
tt0032820,146
tt0032823,200
tt0032828,109
tt0032829,570
tt0032831,318
tt0032832,477
tt0032832,494
tt0032840,62
tt0032840,185
tt0032842,507
tt0032846,320
tt0032847,151
tt0032850,18
tt0032851,70
tt0032851,143
tt0032869,573
tt0032871,574
tt0032871,261
tt0032873,148
tt0032881,162
tt0032882,407
tt0032901,553
tt0032903,238
tt0032904,262
tt0032910,575
tt0032910,576
tt0032916,565
tt0032925,464
tt0032925,340
tt0032946,154
tt0032961,172
tt0032963,162
tt0032963,206
tt0032976,129
tt0032981,375
tt0032983,457
tt0032986,219
tt0032993,219
tt0033007,577
tt0033013,554
tt0033014,554
tt0033016,328
tt0033020,488
tt0033021,216
tt0033022,458
tt0033024,557
tt0033028,216
tt0033029,447
tt0033031,328
tt0033038,246
tt0033040,161
tt0033045,104
tt0033047,319
tt0033056,436
tt0033059,136
tt0033062,246
tt0033075,537
tt0033076,215
tt0033082,83
tt0033083,146
tt0033086,558
tt0033088,578
tt0033092,528
tt0033095,474
tt0033099,488
tt0033100,130
tt0033105,116
tt0033107,579
tt0033110,360
tt0033113,464
tt0033117,262
tt0033124,396
tt0033137,534
tt0033139,161
tt0033140,394
tt0033144,560
tt0033145,545
tt0033149,28
tt0033150,491
tt0033152,265
tt0033152,386
tt0033153,62
tt0033154,331
tt0033157,193
tt0033159,349
tt0033160,488
tt0033167,130
tt0033169,463
tt0033173,256
tt0033174,128
tt0033175,320
tt0033187,146
tt0033190,261
tt0033191,528
tt0033214,319
tt0033221,373
tt0033224,109
tt0033226,216
tt0033234,440
tt0033238,198
tt0033246,533
tt0033253,206
tt0033254,368
tt0033265,565
tt0033276,311
tt0033279,427
tt0033283,125
tt0033286,389
tt0033287,389
tt0033288,34
tt0033289,297
tt0033307,352
tt0033314,490
tt0033317,477
tt0033317,494
tt0033319,193
tt0033323,580
tt0033331,171
tt0033332,440
tt0033337,511
tt0033342,136
tt0033351,323
tt0033365,463
tt0033366,436
tt0033367,389
tt0033368,311
tt0033369,243
tt0033370,83
tt0033372,247
tt0033373,145
tt0033375,440
tt0033378,311
tt0033379,153
tt0033382,331
tt0033383,197
tt0033388,141
tt0033389,581
tt0033389,116
tt0033390,445
tt0033396,219
tt0033397,283
tt0033398,582
tt0033398,583
tt0033400,360
tt0033403,282
tt0033403,584
tt0033404,282
tt0033405,196
tt0033406,585
tt0033407,198
tt0033408,517
tt0033409,271
tt0033414,293
tt0033425,586
tt0033428,434
tt0033432,320
tt0033435,458
tt0033436,481
tt0033438,528
tt0033438,311
tt0033439,226
tt0033452,120
tt0033455,125
tt0033457,235
tt0033458,372
tt0033459,246
tt0033464,163
tt0033467,531
tt0033469,455
tt0033477,71
tt0033478,440
tt0033479,538
tt0033484,587
tt0033486,235
tt0033486,457
tt0033490,490
tt0033491,172
tt0033493,588
tt0033511,547
tt0033512,199
tt0033517,573
tt0033519,372
tt0033525,297
tt0033530,587
tt0033532,276
tt0033533,162
tt0033535,477
tt0033535,494
tt0033537,216
tt0033546,488
tt0033547,354
tt0033553,66
tt0033554,185
tt0033555,533
tt0033558,378
tt0033563,568
tt0033563,575
tt0033574,394
tt0033576,124
tt0033577,299
tt0033577,330
tt0033582,199
tt0033592,554
tt0033596,185
tt0033606,420
tt0033608,557
tt0033613,571
tt0033616,193
tt0033621,589
tt0033627,386
tt0033628,320
tt0033634,590
tt0033634,299
tt0033635,172
tt0033646,566
tt0033650,573
tt0033660,328
tt0033661,304
tt0033663,507
tt0033664,279
tt0033667,282
tt0033674,235
tt0033676,414
tt0033677,132
tt0033678,244
tt0033683,323
tt0033686,70
tt0033692,588
tt0033696,435
tt0033704,447
tt0033708,591
tt0033712,331
tt0033717,28
tt0033718,277
tt0033722,375
tt0033723,481
tt0033725,193
tt0033726,143
tt0033727,540
tt0033727,541
tt0033728,592
tt0033729,44
tt0033738,238
tt0033739,304
tt0033740,305
tt0033741,375
tt0033748,514
tt0033753,319
tt0033754,481
tt0033757,328
tt0033758,425
tt0033760,560
tt0033766,474
tt0033771,389
tt0033774,198
tt0033776,477
tt0033776,494
tt0033777,329
tt0033780,533
tt0033781,481
tt0033781,593
tt0033782,528
tt0033787,566
tt0033790,507
tt0033792,146
tt0033795,395
tt0033802,318
tt0033803,281
tt0033803,360
tt0033804,561
tt0033805,565
tt0033806,449
tt0033807,96
tt0033808,349
tt0033821,243
tt0033827,566
tt0033832,136
tt0033836,206
tt0033848,572
tt0033849,572
tt0033850,34
tt0033851,197
tt0033852,143
tt0033853,538
tt0033856,124
tt0033858,519
tt0033867,341
tt0033868,594
tt0033868,595
tt0033870,596
tt0033871,453
tt0033873,457
tt0033874,320
tt0033879,592
tt0033883,299
tt0033883,297
tt0033890,199
tt0033891,157
tt0033900,490
tt0033902,297
tt0033907,464
tt0033910,570
tt0033912,435
tt0033916,511
tt0033918,130
tt0033922,129
tt0033923,597
tt0033926,514
tt0033928,238
tt0033932,180
tt0033942,193
tt0033944,389
tt0033945,109
tt0033949,458
tt0033950,112
tt0033955,148
tt0033958,410
tt0033963,317
tt0033966,120
tt0033968,279
tt0033980,598
tt0033986,175
tt0033987,271
tt0033989,319
tt0033996,488
tt0033998,238
tt0034000,464
tt0034010,599
tt0034011,533
tt0034012,373
tt0034013,533
tt0034027,525
tt0034030,488
tt0034033,125
tt0034055,368
tt0034064,560
tt0034065,535
tt0034078,185
tt0034078,514
tt0034091,388
tt0034091,600
tt0034092,108
tt0034094,565
tt0034104,413
tt0034105,488
tt0034106,436
tt0034110,341
tt0034113,243
tt0034115,261
tt0034116,219
tt0034117,238
tt0034120,389
tt0034145,554
tt0034146,545
tt0034162,216
tt0034166,586
tt0034167,145
tt0034172,185
tt0034173,293
tt0034175,182
tt0034178,395
tt0034182,355
tt0034183,389
tt0034184,598
tt0034185,277
tt0034191,563
tt0034193,200
tt0034197,314
tt0034197,401
tt0034198,336
tt0034199,378
tt0034203,116
tt0034204,146
tt0034208,201
tt0034223,161
tt0034224,238
tt0034232,148
tt0034233,488
tt0034236,28
tt0034240,561
tt0034241,305
tt0034242,355
tt0034243,151
tt0034244,15
tt0034248,129
tt0034251,485
tt0034251,324
tt0034253,587
tt0034262,305
tt0034264,435
tt0034266,311
tt0034269,368
tt0034272,224
tt0034273,197
tt0034274,104
tt0034277,28
tt0034278,151
tt0034280,464
tt0034280,554
tt0034281,71
tt0034282,243
tt0034286,449
tt0034296,572
tt0034297,44
tt0034299,491
tt0034303,163
tt0034318,304
tt0034328,262
tt0034337,557
tt0034339,548
tt0034340,154
tt0034342,198
tt0034370,243
tt0034374,528
tt0034378,573
tt0034379,130
tt0034384,457
tt0034386,62
tt0034389,528
tt0034391,488
tt0034392,243
tt0034394,514
tt0034398,592
tt0034399,262
tt0034405,108
tt0034407,128
tt0034409,338
tt0034411,146
tt0034415,62
tt0034415,360
tt0034420,434
tt0034424,388
tt0034428,596
tt0034428,557
tt0034431,572
tt0034433,601
tt0034445,436
tt0034449,557
tt0034454,602
tt0034455,277
tt0034458,136
tt0034465,569
tt0034469,603
tt0034485,360
tt0034486,604
tt0034488,544
tt0034492,567
tt0034492,568
tt0034507,378
tt0034512,589
tt0034513,146
tt0034514,573
tt0034521,170
tt0034522,108
tt0034525,282
tt0034526,282
tt0034527,282
tt0034538,560
tt0034540,436
tt0034543,396
tt0034545,605
tt0034546,434
tt0034555,293
tt0034558,293
tt0034565,185
tt0034570,533
tt0034578,216
tt0034583,216
tt0034586,372
tt0034587,553
tt0034593,355
tt0034613,434
tt0034617,587
tt0034618,136
tt0034622,143
tt0034636,578
tt0034637,337
tt0034638,319
tt0034639,595
tt0034646,28
tt0034680,606
tt0034681,372
tt0034691,481
tt0034694,180
tt0034707,293
tt0034711,607
tt0034716,573
tt0034717,484
tt0034730,580
tt0034732,608
tt0034734,525
tt0034736,219
tt0034739,572
tt0034740,609
tt0034742,581
tt0034745,490
tt0034746,360
tt0034749,368
tt0034751,554
tt0034754,566
tt0034770,598
tt0034778,28
tt0034780,320
tt0034786,214
tt0034798,511
tt0034801,582
tt0034801,583
tt0034808,528
tt0034810,458
tt0034812,142
tt0034828,557
tt0034842,591
tt0034846,262
tt0034847,34
tt0034850,244
tt0034856,587
tt0034856,573
tt0034857,231
tt0034862,336
tt0034862,610
tt0034881,420
tt0034882,185
tt0034882,163
tt0034883,293
tt0034886,305
tt0034889,277
tt0034890,596
tt0034890,28
tt0034891,611
tt0034891,612
tt0034902,341
tt0034905,427
tt0034909,281
tt0034919,463
tt0034920,311
tt0034922,502
tt0034922,531
tt0034923,185
tt0034923,613
tt0034926,570
tt0034928,437
tt0034929,445
tt0034931,517
tt0034936,262
tt0034941,607
tt0034946,162
tt0034959,199
tt0034960,338
tt0034961,375
tt0034963,154
tt0034965,193
tt0034968,566
tt0034973,434
tt0034976,324
tt0034985,124
tt0034997,372
tt0034998,149
tt0035007,560
tt0035009,445
tt0035015,531
tt0035015,614
tt0035016,130
tt0035018,163
tt0035019,615
tt0035020,317
tt0035027,517
tt0035031,238
tt0035033,517
tt0035034,28
tt0035048,83
tt0035049,358
tt0035051,566
tt0035052,83
tt0035059,464
tt0035060,464
tt0035061,464
tt0035068,341
tt0035074,448
tt0035078,616
tt0035082,235
tt0035082,457
tt0035092,170
tt0035093,206
tt0035095,304
tt0035096,403
tt0035098,274
tt0035100,338
tt0035102,246
tt0035103,197
tt0035105,331
tt0035107,238
tt0035113,148
tt0035114,601
tt0035121,535
tt0035123,617
tt0035124,314
tt0035127,425
tt0035134,618
tt0035140,598
tt0035150,483
tt0035151,252
tt0035152,124
tt0035153,386
tt0035153,619
tt0035157,235
tt0035167,590
tt0035169,561
tt0035170,281
tt0035170,163
tt0035171,124
tt0035173,214
tt0035181,494
tt0035183,328
tt0035185,124
tt0035189,324
tt0035191,620
tt0035195,146
tt0035205,215
tt0035211,162
tt0035218,109
tt0035220,109
tt0035233,621
tt0035238,198
tt0035244,18
tt0035247,511
tt0035250,601
tt0035252,481
tt0035258,196
tt0035259,528
tt0035262,125
tt0035272,142
tt0035279,129
tt0035300,244
tt0035301,595
tt0035307,425
tt0035308,587
tt0035309,116
tt0035317,194
tt0035318,569
tt0035320,299
tt0035322,622
tt0035324,407
tt0035335,193
tt0035338,148
tt0035345,434
tt0035356,128
tt0035360,201
tt0035361,130
tt0035369,243
tt0035370,197
tt0035372,494
tt0035379,368
tt0035379,148
tt0035386,170
tt0035388,554
tt0035391,436
tt0035391,623
tt0035393,581
tt0035405,276
tt0035413,375
tt0035415,519
tt0035419,311
tt0035421,355
tt0035423,624
tt0035427,403
tt0035428,331
tt0035429,625
tt0035430,323
tt0035431,271
tt0035432,149
tt0035433,141
tt0035438,142
tt0035440,626
tt0035443,517
tt0035445,528
tt0035446,104
tt0035447,305
tt0035452,454
tt0035453,374
tt0035460,66
tt0035462,627
tt0035463,200
tt0035477,318
tt0035480,153
tt0035487,488
tt0035489,518
tt0035494,595
tt0035502,368
tt0035504,116
tt0035530,473
tt0035531,533
tt0035537,62
tt0035538,628
tt0035551,388
tt0035552,528
tt0035553,311
tt0035555,214
tt0035560,279
tt0035564,193
tt0035567,373
tt0035570,487
tt0035572,297
tt0035573,337
tt0035574,136
tt0035575,216
tt0035582,602
tt0035583,112
tt0035586,507
tt0035605,311
tt0035608,193
tt0035608,629
tt0035610,293
tt0035611,416
tt0035611,401
tt0035612,533
tt0035614,630
tt0035615,436
tt0035616,145
tt0035617,174
tt0035631,631
tt0035631,485
tt0035639,311
tt0035639,330
tt0035640,124
tt0035643,83
tt0035648,34
tt0035651,143
tt0035659,28
tt0035663,488
tt0035664,246
tt0035665,74
tt0035669,587
tt0035670,304
tt0035671,582
tt0035675,299
tt0035679,445
tt0035689,279
tt0035689,74
tt0035692,488
tt0035700,488
tt0035703,632
tt0035703,360
tt0035706,633
tt0035710,604
tt0035713,587
tt0035714,434
tt0035726,634
tt0035727,283
tt0035729,412
tt0035735,473
tt0035741,124
tt0035742,132
tt0035744,488
tt0035746,473
tt0035749,130
tt0035751,132
tt0035755,170
tt0035757,330
tt0035757,145
tt0035758,413
tt0035763,235
tt0035764,109
tt0035766,605
tt0035767,378
tt0035769,246
tt0035770,311
tt0035771,317
tt0035777,153
tt0035779,449
tt0035784,445
tt0035788,635
tt0035793,172
tt0035795,462
tt0035798,318
tt0035799,636
tt0035800,112
tt0035800,243
tt0035810,148
tt0035826,606
tt0035829,163
tt0035854,587
tt0035855,395
tt0035856,395
tt0035860,279
tt0035862,242
tt0035879,293
tt0035881,637
tt0035883,165
tt0035884,615
tt0035885,519
tt0035888,187
tt0035895,282
tt0035896,162
tt0035897,132
tt0035897,638
tt0035899,194
tt0035913,323
tt0035913,494
tt0035916,360
tt0035917,453
tt0035931,525
tt0035931,166
tt0035934,304
tt0035937,639
tt0035938,170
tt0035939,124
tt0035940,458
tt0035941,458
tt0035942,297
tt0035942,360
tt0035944,374
tt0035945,640
tt0035952,641
tt0035957,146
tt0035958,243
tt0035959,66
tt0035962,582
tt0035962,625
tt0035966,457
tt0035969,570
tt0035970,324
tt0035978,490
tt0035979,104
tt0035980,331
tt0035980,632
tt0035982,305
tt0035983,591
tt0035984,591
tt0035993,642
tt0035996,643
tt0035996,644
tt0036001,116
tt0036004,417
tt0036004,214
tt0036005,645
tt0036009,175
tt0036016,242
tt0036022,71
tt0036025,632
tt0036027,553
tt0036033,389
tt0036037,175
tt0036038,283
tt0036044,243
tt0036046,374
tt0036047,214
tt0036049,282
tt0036051,171
tt0036055,153
tt0036057,226
tt0036065,242
tt0036073,434
tt0036075,389
tt0036091,464
tt0036092,112
tt0036093,170
tt0036094,142
tt0036095,166
tt0036098,646
tt0036103,121
tt0036104,553
tt0036105,338
tt0036112,386
tt0036112,619
tt0036118,401
tt0036120,647
tt0036125,394
tt0036126,198
tt0036126,616
tt0036135,617
tt0036142,482
tt0036146,323
tt0036149,338
tt0036155,464
tt0036160,648
tt0036160,649
tt0036161,650
tt0036163,640
tt0036166,216
tt0036170,324
tt0036172,373
tt0036174,447
tt0036175,124
tt0036182,483
tt0036183,279
tt0036184,582
tt0036184,583
tt0036187,244
tt0036189,124
tt0036203,279
tt0036204,651
tt0036208,375
tt0036217,180
tt0036218,28
tt0036230,557
tt0036241,245
tt0036241,145
tt0036244,142
tt0036253,652
tt0036255,604
tt0036259,468
tt0036260,609
tt0036261,481
tt0036262,274
tt0036265,590
tt0036272,436
tt0036275,297
tt0036277,653
tt0036306,407
tt0036307,654
tt0036323,437
tt0036324,207
tt0036328,528
tt0036341,639
tt0036342,129
tt0036348,194
tt0036349,194
tt0036356,655
tt0036356,656
tt0036357,389
tt0036363,247
tt0036365,128
tt0036367,336
tt0036368,427
tt0036376,609
tt0036377,108
tt0036378,490
tt0036378,657
tt0036379,389
tt0036384,116
tt0036386,62
tt0036391,643
tt0036392,658
tt0036395,647
tt0036397,410
tt0036398,354
tt0036406,197
tt0036407,281
tt0036418,587
tt0036419,276
tt0036422,125
tt0036423,506
tt0036426,396
tt0036427,125
tt0036428,659
tt0036430,216
tt0036431,485
tt0036432,590
tt0036433,311
tt0036449,518
tt0036515,660
tt0036515,661
tt0036516,172
tt0036518,569
tt0036526,197
tt0036529,569
tt0036531,319
tt0036533,528
tt0036534,481
tt0036540,518
tt0036549,151
tt0036552,601
tt0036553,247
tt0036554,299
tt0036573,649
tt0036579,662
tt0036581,303
tt0036582,598
tt0036591,481
tt0036596,70
tt0036599,324
tt0036600,368
tt0036602,136
tt0036606,663
tt0036610,635
tt0036613,157
tt0036625,163
tt0036628,590
tt0036635,640
tt0036636,112
tt0036640,606
tt0036641,664
tt0036644,153
tt0036650,434
tt0036651,665
tt0036653,374
tt0036667,124
tt0036670,200
tt0036671,279
tt0036672,215
tt0036673,163
tt0036677,142
tt0036692,642
tt0036693,454
tt0036695,386
tt0036695,619
tt0036696,601
tt0036696,281
tt0036697,455
tt0036697,477
tt0036698,449
tt0036699,162
tt0036704,625
tt0036705,238
tt0036706,238
tt0036709,238
tt0036711,609
tt0036715,592
tt0036716,609
tt0036719,563
tt0036723,318
tt0036725,389
tt0036730,395
tt0036731,666
tt0036733,667
tt0036733,668
tt0036741,650
tt0036743,650
tt0036745,652
tt0036748,553
tt0036749,633
tt0036753,337
tt0036755,199
tt0036757,633
tt0036757,519
tt0036758,124
tt0036767,658
tt0036774,650
tt0036775,615
tt0036776,669
tt0036777,533
tt0036777,143
tt0036791,446
tt0036793,595
tt0036803,175
tt0036807,553
tt0036809,395
tt0036810,458
tt0036811,650
tt0036814,172
tt0036824,396
tt0036832,148
tt0036832,569
tt0036833,124
tt0036834,670
tt0036835,488
tt0036836,112
tt0036840,375
tt0036845,410
tt0036855,262
tt0036859,671
tt0036861,109
tt0036864,458
tt0036865,458
tt0036866,319
tt0036868,206
tt0036870,585
tt0036872,252
tt0036880,561
tt0036881,130
tt0036886,518
tt0036886,201
tt0036891,561
tt0036892,171
tt0036909,591
tt0036910,672
tt0036912,336
tt0036919,425
tt0036921,473
tt0036922,636
tt0036926,355
tt0036929,588
tt0036929,673
tt0036930,149
tt0036931,214
tt0036940,276
tt0036940,262
tt0036941,436
tt0036950,197
tt0036951,519
tt0036952,557
tt0036953,566
tt0036953,214
tt0036955,482
tt0036959,314
tt0036961,490
tt0036962,420
tt0036966,407
tt0036969,463
tt0036970,216
tt0036972,399
tt0036975,633
tt0036983,175
tt0036984,276
tt0036988,301
tt0036999,487
tt0037000,375
tt0037001,654
tt0037007,293
tt0037008,482
tt0037017,129
tt0037018,410
tt0037024,518
tt0037027,141
tt0037029,617
tt0037030,488
tt0037034,668
tt0037035,674
tt0037038,315
tt0037040,191
tt0037042,548
tt0037048,483
tt0037049,634
tt0037051,62
tt0037055,563
tt0037056,465
tt0037059,632
tt0037062,141
tt0037074,434
tt0037075,457
tt0037076,560
tt0037076,374
tt0037077,561
tt0037078,623
tt0037084,445
tt0037089,490
tt0037094,557
tt0037095,83
tt0037096,246
tt0037098,464
tt0037099,633
tt0037100,464
tt0037101,587
tt0037104,474
tt0037105,453
tt0037111,388
tt0037115,445
tt0037120,71
tt0037121,650
tt0037124,440
tt0037130,458
tt0037131,449
tt0037135,675
tt0037136,652
tt0037138,92
tt0037142,445
tt0037149,676
tt0037150,331
tt0037151,410
tt0037153,623
tt0037158,677
tt0037166,216
tt0037167,427
tt0037168,194
tt0037175,305
tt0037179,678
tt0037190,375
tt0037193,125
tt0037193,338
tt0037197,180
tt0037211,606
tt0037212,352
tt0037215,349
tt0037217,238
tt0037218,586
tt0037219,436
tt0037224,488
tt0037244,633
tt0037248,194
tt0037253,148
tt0037256,128
tt0037258,643
tt0037261,453
tt0037262,455
tt0037263,607
tt0037265,124
tt0037266,378
tt0037273,125
tt0037274,341
tt0037280,201
tt0037280,109
tt0037295,146
tt0037297,528
tt0037301,679
tt0037303,194
tt0037310,338
tt0037313,425
tt0037316,18
tt0037317,83
tt0037318,680
tt0037325,645
tt0037326,193
tt0037330,609
tt0037333,235
tt0037335,425
tt0037336,445
tt0037343,341
tt0037346,187
tt0037352,681
tt0037352,682
tt0037360,242
tt0037362,83
tt0037363,582
tt0037365,311
tt0037366,198
tt0037367,612
tt0037373,606
tt0037378,323
tt0037378,683
tt0037379,116
tt0037380,328
tt0037382,145
tt0037384,318
tt0037386,545
tt0037388,326
tt0037408,311
tt0037414,28
tt0037415,677
tt0037420,317
tt0037421,34
tt0037428,636
tt0037438,522
tt0037441,124
tt0037446,654
tt0037447,648
tt0037449,507
tt0037453,633
tt0037458,634
tt0037461,634
tt0037462,71
tt0037465,108
tt0037466,355
tt0037467,262
tt0037469,457
tt0037470,242
tt0037472,389
tt0037476,639
tt0037481,323
tt0037481,683
tt0037492,528
tt0037494,66
tt0037496,684
tt0037498,112
tt0037505,170
tt0037508,511
tt0037514,590
tt0037514,685
tt0037515,420
tt0037518,445
tt0037522,587
tt0037530,643
tt0037534,108
tt0037535,410
tt0037536,252
tt0037538,650
tt0037539,686
tt0037547,96
tt0037549,668
tt0037553,604
tt0037554,604
tt0037557,34
tt0037558,612
tt0037559,687
tt0037560,338
tt0037563,153
tt0037563,688
tt0037570,689
tt0037576,215
tt0037578,674
tt0037588,389
tt0037593,243
tt0037604,632
tt0037604,607
tt0037605,374
tt0037607,324
tt0037609,124
tt0037610,660
tt0037611,570
tt0037614,598
tt0037618,437
tt0037620,487
tt0037621,634
tt0037622,436
tt0037627,389
tt0037632,199
tt0037634,315
tt0037635,625
tt0037635,670
tt0037636,481
tt0037638,374
tt0037640,690
tt0037642,650
tt0037644,687
tt0037645,170
tt0037648,434
tt0037650,146
tt0037651,197
tt0037656,477
tt0037662,691
tt0037671,201
tt0037672,436
tt0037677,664
tt0037678,623
tt0037685,679
tt0037690,560
tt0037691,482
tt0037692,124
tt0037701,458
tt0037702,389
tt0037711,534
tt0037721,417
tt0037722,403
tt0037735,464
tt0037736,342
tt0037737,34
tt0037746,199
tt0037748,588
tt0037749,680
tt0037756,162
tt0037761,518
tt0037767,148
tt0037769,311
tt0037771,566
tt0037776,665
tt0037785,368
tt0037786,692
tt0037790,28
tt0037791,548
tt0037793,214
tt0037794,194
tt0037795,355
tt0037798,445
tt0037799,304
tt0037800,386
tt0037800,619
tt0037801,151
tt0037803,666
tt0037811,693
tt0037816,368
tt0037820,639
tt0037822,112
tt0037823,279
tt0037826,238
tt0037829,478
tt0037832,341
tt0037837,403
tt0037840,690
tt0037843,299
tt0037848,279
tt0037849,375
tt0037858,445
tt0037859,694
tt0037865,175
tt0037866,695
tt0037870,601
tt0037871,696
tt0037884,615
tt0037885,276
tt0037892,243
tt0037893,26
tt0037895,323
tt0037895,697
tt0037906,324
tt0037913,216
tt0037917,698
tt0037918,337
tt0037923,146
tt0037930,434
tt0037931,368
tt0037932,560
tt0037939,566
tt0037943,627
tt0037946,355
tt0037950,648
tt0037954,28
tt0037960,699
tt0037963,647
tt0037966,318
tt0037972,490
tt0037980,224
tt0037981,700
tt0037985,337
tt0037988,616
tt0037989,434
tt0037990,557
tt0037991,701
tt0037997,436
tt0038000,636
tt0038007,323
tt0038007,702
tt0038008,194
tt0038017,238
tt0038026,598
tt0038032,691
tt0038033,703
tt0038034,337
tt0038038,216
tt0038040,482
tt0038040,104
tt0038045,665
tt0038046,417
tt0038047,28
tt0038048,125
tt0038048,199
tt0038053,162
tt0038055,410
tt0038056,238
tt0038057,457
tt0038071,26
tt0038080,704
tt0038083,606
tt0038084,331
tt0038091,680
tt0038097,528
tt0038104,318
tt0038107,485
tt0038108,116
tt0038109,129
tt0038110,705
tt0038116,130
tt0038119,691
tt0038120,142
tt0038123,609
tt0038124,706
tt0038126,374
tt0038129,707
tt0038134,569
tt0038151,358
tt0038161,674
tt0038163,142
tt0038164,677
tt0038165,83
tt0038166,575
tt0038166,708
tt0038170,311
tt0038172,412
tt0038178,347
tt0038190,709
tt0038197,191
tt0038199,680
tt0038205,677
tt0038212,477
tt0038213,246
tt0038214,488
tt0038230,634
tt0038235,180
tt0038238,172
tt0038239,62
tt0038241,440
tt0038243,311
tt0038245,490
tt0038245,690
tt0038246,445
tt0038250,617
tt0038256,533
tt0038258,693
tt0038259,194
tt0038260,305
tt0038262,632
tt0038263,473
tt0038270,458
tt0038275,710
tt0038279,355
tt0038284,341
tt0038285,693
tt0038289,649
tt0038300,235
tt0038303,201
tt0038319,528
tt0038321,425
tt0038324,680
tt0038326,666
tt0038326,487
tt0038327,711
tt0038338,199
tt0038341,279
tt0038342,588
tt0038343,639
tt0038346,253
tt0038347,704
tt0038347,124
tt0038354,166
tt0038355,145
tt0038360,194
tt0038361,687
tt0038363,612
tt0038367,695
tt0038368,695
tt0038370,511
tt0038370,336
tt0038377,293
tt0038378,704
tt0038381,647
tt0038382,483
tt0038383,324
tt0038387,566
tt0038390,594
tt0038392,473
tt0038395,553
tt0038396,582
tt0038401,214
tt0038402,488
tt0038406,482
tt0038409,522
tt0038411,712
tt0038415,360
tt0038416,130
tt0038417,457
tt0038418,436
tt0038419,104
tt0038420,528
tt0038427,646
tt0038429,573
tt0038430,634
tt0038434,668
tt0038435,702
tt0038435,494
tt0038449,534
tt0038452,704
tt0038453,355
tt0038455,609
tt0038458,713
tt0038458,303
tt0038461,598
tt0038462,714
tt0038466,363
tt0038466,310
tt0038470,707
tt0038471,666
tt0038472,242
tt0038474,570
tt0038477,485
tt0038478,458
tt0038480,585
tt0038484,490
tt0038492,715
tt0038494,194
tt0038498,716
tt0038499,70
tt0038499,253
tt0038505,299
tt0038505,103
tt0038514,124
tt0038517,572
tt0038518,650
tt0038519,427
tt0038520,626
tt0038524,446
tt0038529,717
tt0038531,445
tt0038532,242
tt0038537,698
tt0038547,671
tt0038549,668
tt0038559,318
tt0038574,612
tt0038575,718
tt0038577,648
tt0038578,347
tt0038589,590
tt0038592,162
tt0038593,494
tt0038598,374
tt0038606,590
tt0038606,685
tt0038611,494
tt0038613,193
tt0038615,297
tt0038621,566
tt0038622,563
tt0038629,116
tt0038632,146
tt0038636,475
tt0038640,719
tt0038643,566
tt0038648,517
tt0038650,157
tt0038652,557
tt0038661,83
tt0038663,720
tt0038663,626
tt0038665,634
tt0038668,281
tt0038669,609
tt0038680,341
tt0038691,695
tt0038694,112
tt0038699,704
tt0038700,518
tt0038703,416
tt0038703,401
tt0038704,606
tt0038705,112
tt0038714,462
tt0038715,116
tt0038718,721
tt0038718,708
tt0038721,28
tt0038727,108
tt0038728,722
tt0038731,436
tt0038733,386
tt0038733,619
tt0038739,723
tt0038747,368
tt0038752,341
tt0038753,124
tt0038761,607
tt0038762,44
tt0038764,410
tt0038764,697
tt0038765,570
tt0038766,634
tt0038773,669
tt0038774,666
tt0038776,216
tt0038777,235
tt0038778,481
tt0038779,724
tt0038780,563
tt0038782,341
tt0038787,129
tt0038788,293
tt0038794,324
tt0038795,132
tt0038802,548
tt0038821,651
tt0038826,545
tt0038831,725
tt0038832,677
tt0038839,293
tt0038842,151
tt0038854,246
tt0038870,726
tt0038873,132
tt0038877,650
tt0038878,487
tt0038889,494
tt0038891,727
tt0038905,458
tt0038908,645
tt0038911,728
tt0038913,729
tt0038916,62
tt0038917,487
tt0038922,130
tt0038924,730
tt0038926,238
tt0038926,124
tt0038927,200
tt0038928,731
tt0038929,534
tt0038934,566
tt0038937,388
tt0038938,191
tt0038948,641
tt0038955,412
tt0038956,407
tt0038958,560
tt0038959,642
tt0038965,715
tt0038968,410
tt0038969,732
tt0038969,733
tt0038970,734
tt0038973,380
tt0038974,481
tt0038975,609
tt0038976,124
tt0038979,735
tt0038982,238
tt0038984,570
tt0038986,680
tt0038988,180
tt0038990,374
tt0038990,645
tt0038991,531
tt0039000,149
tt0039001,630
tt0039003,704
tt0039011,358
tt0039017,194
tt0039020,171
tt0039023,699
tt0039026,305
tt0039026,518
tt0039029,563
tt0039031,299
tt0039032,528
tt0039036,587
tt0039037,407
tt0039038,125
tt0039040,375
tt0039041,324
tt0039053,125
tt0039054,474
tt0039055,601
tt0039056,473
tt0039066,632
tt0039067,666
tt0039073,191
tt0039076,719
tt0039080,736
tt0039082,737
tt0039095,627
tt0039098,338
tt0039101,662
tt0039110,198
tt0039111,71
tt0039112,730
tt0039114,341
tt0039116,738
tt0039116,163
tt0039127,395
tt0039133,445
tt0039152,739
tt0039157,494
tt0039158,578
tt0039160,686
tt0039169,573
tt0039170,378
tt0039174,712
tt0039178,297
tt0039180,494
tt0039187,699
tt0039188,740
tt0039190,474
tt0039191,704
tt0039192,386
tt0039192,619
tt0039193,323
tt0039193,702
tt0039194,488
tt0039195,409
tt0039196,473
tt0039197,741
tt0039198,654
tt0039200,695
tt0039201,695
tt0039202,695
tt0039203,695
tt0039204,742
tt0039208,709
tt0039211,668
tt0039213,242
tt0039216,124
tt0039217,518
tt0039220,720
tt0039224,601
tt0039226,407
tt0039230,349
tt0039231,743
tt0039235,473
tt0039236,34
tt0039242,649
tt0039243,108
tt0039244,374
tt0039245,490
tt0039250,590
tt0039260,28
tt0039262,124
tt0039266,341
tt0039277,83
tt0039279,666
tt0039281,151
tt0039283,634
tt0039288,548
tt0039293,62
tt0039297,558
tt0039299,242
tt0039301,606
tt0039302,636
tt0039304,730
tt0039305,201
tt0039306,674
tt0039307,744
tt0039308,563
tt0039311,677
tt0039312,143
tt0039312,262
tt0039313,680
tt0039317,342
tt0039318,524
tt0039320,569
tt0039321,569
tt0039324,463
tt0039335,262
tt0039337,331
tt0039340,745
tt0039341,34
tt0039344,746
tt0039349,398
tt0039357,548
tt0039360,747
tt0039361,748
tt0039365,83
tt0039368,633
tt0039370,447
tt0039372,749
tt0039377,311
tt0039389,450
tt0039390,731
tt0039391,482
tt0039391,175
tt0039394,175
tt0039396,279
tt0039398,582
tt0039402,44
tt0039402,700
tt0039404,750
tt0039404,600
tt0039405,643
tt0039409,142
tt0039410,451
tt0039416,709
tt0039417,620
tt0039419,401
tt0039420,715
tt0039421,655
tt0039428,375
tt0039431,751
tt0039437,347
tt0039438,666
tt0039439,450
tt0039441,592
tt0039447,124
tt0039451,416
tt0039453,283
tt0039456,528
tt0039460,752
tt0039461,143
tt0039463,450
tt0039464,570
tt0039472,320
tt0039473,242
tt0039477,143
tt0039478,670
tt0039479,547
tt0039482,629
tt0039483,193
tt0039484,112
tt0039485,224
tt0039486,347
tt0039492,753
tt0039496,341
tt0039500,754
tt0039500,755
tt0039501,665
tt0039502,163
tt0039503,244
tt0039504,162
tt0039509,678
tt0039511,702
tt0039511,756
tt0039515,742
tt0039530,416
tt0039531,647
tt0039545,757
tt0039550,487
tt0039554,487
tt0039556,715
tt0039566,216
tt0039568,447
tt0039574,154
tt0039579,464
tt0039581,271
tt0039582,449
tt0039583,758
tt0039586,665
tt0039587,589
tt0039587,701
tt0039589,645
tt0039591,437
tt0039594,678
tt0039595,142
tt0039600,617
tt0039607,242
tt0039615,759
tt0039619,760
tt0039625,242
tt0039627,432
tt0039628,690
tt0039631,56
tt0039634,130
tt0039636,641
tt0039645,317
tt0039647,125
tt0039655,481
tt0039656,124
tt0039657,625
tt0039659,201
tt0039660,736
tt0039666,557
tt0039676,761
tt0039677,507
tt0039678,494
tt0039686,652
tt0039688,449
tt0039689,553
tt0039694,129
tt0039698,368
tt0039701,124
tt0039702,762
tt0039725,570
tt0039730,763
tt0039735,616
tt0039737,28
tt0039743,764
tt0039745,595
tt0039748,680
tt0039750,652
tt0039757,636
tt0039761,388
tt0039768,757
tt0039772,765
tt0039776,281
tt0039780,488
tt0039783,647
tt0039784,766
tt0039787,413
tt0039797,589
tt0039797,701
tt0039800,26
tt0039806,709
tt0039808,281
tt0039811,767
tt0039815,436
tt0039816,630
tt0039819,690
tt0039819,132
tt0039820,650
tt0039821,454
tt0039822,768
tt0039825,561
tt0039826,279
tt0039829,518
tt0039840,511
tt0039842,587
tt0039847,324
tt0039848,436
tt0039850,71
tt0039852,466
tt0039853,299
tt0039861,494
tt0039865,669
tt0039865,28
tt0039873,375
tt0039881,680
tt0039883,769
tt0039887,358
tt0039892,548
tt0039893,770
tt0039895,625
tt0039896,324
tt0039897,771
tt0039898,311
tt0039901,436
tt0039908,243
tt0039912,319
tt0039926,548
tt0039927,279
tt0039935,191
tt0039936,242
tt0039937,557
tt0039938,474
tt0039941,216
tt0039947,627
tt0039951,368
tt0039960,714
tt0039966,772
tt0039969,598
tt0039973,605
tt0039975,317
tt0039981,627
tt0039982,338
tt0039984,578
tt0039986,773
tt0039987,329
tt0039994,246
tt0039998,407
tt0039999,774
tt0040000,485
tt0040002,437
tt0040003,717
tt0040064,44
tt0040068,407
tt0040068,251
tt0040071,276
tt0040072,605
tt0040076,557
tt0040077,702
tt0040077,697
tt0040080,670
tt0040082,243
tt0040087,573
tt0040089,770
tt0040097,124
tt0040098,519
tt0040102,605
tt0040104,690
tt0040106,714
tt0040107,669
tt0040109,180
tt0040112,775
tt0040113,569
tt0040141,62
tt0040142,163
tt0040153,623
tt0040154,488
tt0040155,553
tt0040156,776
tt0040158,473
tt0040159,297
tt0040160,473
tt0040166,458
tt0040167,487
tt0040173,695
tt0040174,777
tt0040175,668
tt0040178,712
tt0040183,432
tt0040183,224
tt0040185,778
tt0040186,227
tt0040187,297
tt0040189,779
tt0040189,780
tt0040202,355
tt0040210,524
tt0040214,698
tt0040221,747
tt0040229,690
tt0040237,781
tt0040242,162
tt0040245,243
tt0040246,782
tt0040249,207
tt0040254,566
tt0040257,609
tt0040267,783
tt0040268,702
tt0040268,697
tt0040270,755
tt0040271,311
tt0040273,588
tt0040276,242
tt0040281,108
tt0040287,784
tt0040288,493
tt0040296,586
tt0040302,375
tt0040305,358
tt0040308,751
tt0040309,678
tt0040315,785
tt0040317,615
tt0040321,573
tt0040325,715
tt0040328,500
tt0040328,786
tt0040333,494
tt0040335,779
tt0040335,674
tt0040338,507
tt0040339,242
tt0040342,787
tt0040347,124
tt0040349,487
tt0040353,28
tt0040355,765
tt0040364,770
tt0040365,454
tt0040366,788
tt0040367,615
tt0040369,44
tt0040370,83
tt0040379,528
tt0040380,305
tt0040385,494
tt0040390,193
tt0040394,124
tt0040395,252
tt0040399,494
tt0040401,789
tt0040402,412
tt0040407,626
tt0040409,410
tt0040411,488
tt0040416,672
tt0040418,790
tt0040427,388
tt0040427,680
tt0040431,779
tt0040432,435
tt0040438,646
tt0040443,779
tt0040444,654
tt0040444,791
tt0040446,198
tt0040452,789
tt0040455,714
tt0040457,528
tt0040458,373
tt0040460,170
tt0040464,458
tt0040472,436
tt0040473,193
tt0040474,34
tt0040478,142
tt0040481,701
tt0040482,792
tt0040482,793
tt0040489,124
tt0040491,66
tt0040495,563
tt0040498,143
tt0040499,794
tt0040500,416
tt0040501,650
tt0040504,795
tt0040504,796
tt0040506,596
tt0040507,124
tt0040508,752
tt0040512,502
tt0040513,657
tt0040522,729
tt0040525,531
tt0040530,797
tt0040535,279
tt0040536,747
tt0040543,477
