imdb_title_id,country
tt0002101,USA
tt0002199,USA
tt0002461,"France, USA"
tt0003167,USA
tt0003419,Germany
tt0003471,USA
tt0003643,USA
tt0003657,USA
tt0003772,USA
tt0003973,USA
tt0004099,USA
tt0004134,USA
tt0004150,"USA, Canada"
tt0004181,USA
tt0004457,USA
tt0004465,USA
tt0004635,USA
tt0004681,USA
tt0004707,USA
tt0004766,USA
tt0004825,USA
tt0004838,USA
tt0004872,USA
tt0004873,USA
tt0005060,USA
tt0005078,USA
tt0005149,USA
tt0005339,USA
tt0005402,USA
tt0005557,USA
tt0005719,USA
tt0005809,USA
tt0005960,USA
tt0006327,USA
tt0006333,USA
tt0006509,USA
tt0006517,USA
tt0006589,USA
tt0006688,USA
tt0006731,USA
tt0006736,USA
tt0006745,USA
tt0006753,USA
tt0006780,USA
tt0006809,USA
tt0006826,USA
tt0006864,USA
tt0007047,USA
tt0007257,USA
tt0007260,USA
tt0007338,USA
tt0007340,USA
tt0007361,USA
tt0007367,USA
tt0007558,USA
tt0007610,USA
tt0007755,USA
tt0007801,USA
tt0008150,USA
tt0008188,USA
tt0008196,USA
tt0008309,USA
tt0008443,USA
tt0008489,USA
tt0008499,USA
tt0008634,USA
tt0008687,USA
tt0008775,USA
tt0008827,USA
tt0008891,USA
tt0008930,USA
tt0009086,USA
tt0009150,USA
tt0009241,USA
tt0009326,USA
tt0009356,USA
tt0009369,USA
tt0009440,USA
tt0009475,USA
tt0009559,USA
tt0009608,USA
tt0009611,USA
tt0009737,USA
tt0009796,USA
tt0009878,Germany
tt0009915,USA
tt0009937,USA
tt0009976,USA
tt0010040,USA
tt0010060,USA
tt0010103,USA
tt0010137,USA
tt0010162,USA
tt0010193,USA
tt0010195,USA
tt0010219,USA
tt0010227,USA
tt0010267,USA
tt0010418,USA
tt0010466,USA
tt0010635,USA
tt0010662,USA
tt0010680,Australia
tt0010806,USA
tt0010844,USA
tt0010879,USA
tt0010890,USA
tt0010925,USA
tt0010964,USA
tt0011130,USA
tt0011193,USA
tt0011267,USA
tt0011344,USA
tt0011358,USA
tt0011387,USA
tt0011415,USA
tt0011474,USA
tt0011588,USA
tt0011623,USA
tt0011647,USA
tt0011741,USA
tt0011753,USA
tt0011779,USA
tt0011865,USA
tt0011908,USA
tt0011948,USA
tt0011979,USA
tt0012016,USA
tt0012027,USA
tt0012125,USA
tt0012136,USA
tt0012349,USA
tt0012382,USA
tt0012397,USA
tt0012408,USA
tt0012486,USA
tt0012513,USA
tt0012532,USA
tt0012538,USA
tt0012642,USA
tt0012675,USA
tt0012752,USA
tt0012755,USA
tt0012769,USA
tt0012928,USA
tt0012975,USA
tt0013075,USA
tt0013140,USA
tt0013201,USA
tt0013223,USA
tt0013367,USA
tt0013386,USA
tt0013450,USA
tt0013556,USA
tt0013592,USA
tt0013597,USA
tt0013607,USA
tt0013662,USA
tt0013674,USA
tt0013704,USA
tt0013705,UK
tt0013750,USA
tt0013909,USA
tt0013951,USA
tt0014029,USA
tt0014112,USA
tt0014205,USA
tt0014341,USA
tt0014358,USA
tt0014416,USA
tt0014417,France
tt0014429,USA
tt0014440,USA
tt0014463,USA
tt0014497,USA
tt0014532,USA
tt0014604,USA
tt0014605,USA
tt0014606,USA
tt0014611,USA
tt0014624,USA
tt0014636,USA
tt0014721,USA
tt0014760,USA
tt0014826,USA
tt0014854,USA
tt0014869,USA
tt0014874,USA
tt0014945,USA
tt0014972,USA
tt0015002,USA
tt0015016,USA
tt0015018,USA
tt0015022,USA
tt0015116,USA
tt0015145,USA
tt0015200,USA
tt0015310,USA
tt0015312,USA
tt0015324,USA
tt0015493,UK
tt0015498,USA
tt0015500,USA
tt0015518,USA
tt0015634,USA
tt0015643,USA
tt0015684,USA
tt0015687,USA
tt0015693,USA
tt0015758,USA
tt0015772,USA
tt0015841,USA
tt0015863,USA
tt0015864,USA
tt0015872,USA
tt0015881,USA
tt0015909,USA
tt0016004,USA
tt0016005,USA
tt0016013,USA
tt0016023,USA
tt0016028,USA
tt0016029,USA
tt0016123,USA
tt0016142,USA
tt0016201,USA
tt0016205,USA
tt0016226,USA
tt0016230,"UK, Germany"
tt0016241,USA
tt0016258,USA
tt0016276,USA
tt0016288,USA
tt0016294,USA
tt0016308,USA
tt0016309,USA
tt0016332,USA
tt0016338,"UK, Germany"
tt0016377,USA
tt0016394,USA
tt0016395,USA
tt0016461,USA
tt0016473,USA
tt0016480,USA
tt0016545,USA
tt0016560,USA
tt0016627,USA
tt0016629,USA
tt0016630,USA
tt0016634,USA
tt0016640,USA
tt0016643,USA
tt0016646,USA
tt0016655,USA
tt0016664,USA
tt0016672,USA
tt0016690,USA
tt0016762,USA
tt0016804,USA
tt0016822,USA
tt0016827,USA
tt0016832,USA
tt0016854,USA
tt0016895,USA
tt0016939,USA
tt0016947,USA
tt0016971,USA
tt0017004,USA
tt0017028,USA
tt0017029,USA
tt0017103,USA
tt0017119,USA
tt0017120,USA
tt0017184,USA
tt0017198,UK
tt0017329,USA
tt0017350,USA
tt0017354,USA
tt0017374,USA
tt0017382,USA
tt0017409,USA
tt0017410,USA
tt0017416,USA
tt0017419,USA
tt0017423,USA
tt0017437,USA
tt0017449,USA
tt0017463,USA
tt0017480,USA
tt0017483,USA
tt0017519,USA
tt0017567,USA
tt0017619,USA
tt0017632,USA
tt0017667,USA
tt0017735,USA
tt0017739,USA
tt0017750,USA
tt0017765,USA
tt0017825,UK
tt0017832,USA
tt0017843,UK
tt0017860,USA
tt0017886,USA
tt0017918,USA
tt0017925,USA
tt0017928,USA
tt0017998,UK
tt0018016,USA
tt0018037,USA
tt0018051,USA
tt0018054,USA
tt0018102,USA
tt0018138,USA
tt0018166,USA
tt0018179,USA
tt0018183,USA
tt0018218,USA
tt0018235,USA
tt0018253,USA
tt0018311,USA
tt0018351,USA
tt0018379,USA
tt0018392,UK
tt0018397,USA
tt0018413,USA
tt0018440,USA
tt0018451,USA
tt0018455,USA
tt0018464,USA
tt0018471,USA
tt0018484,USA
tt0018487,USA
tt0018513,USA
tt0018515,USA
tt0018524,USA
tt0018526,USA
tt0018528,USA
tt0018530,USA
tt0018566,USA
tt0018578,USA
tt0018579,USA
tt0018618,USA
tt0018678,USA
tt0018684,USA
tt0018742,USA
tt0018749,USA
tt0018756,UK
tt0018773,USA
tt0018795,USA
tt0018839,USA
tt0018876,UK
tt0018907,USA
tt0018908,USA
tt0018909,USA
tt0018927,USA
tt0018996,UK
tt0019067,USA
tt0019071,USA
tt0019096,USA
tt0019109,USA
tt0019130,USA
tt0019151,USA
tt0019152,USA
tt0019186,UK
tt0019195,USA
tt0019237,USA
tt0019258,USA
tt0019290,USA
tt0019304,USA
tt0019335,USA
tt0019388,USA
tt0019400,USA
tt0019412,USA
tt0019421,USA
tt0019434,USA
tt0019451,USA
tt0019462,USA
tt0019489,USA
tt0019509,UK
tt0019532,USA
tt0019557,USA
tt0019558,USA
tt0019563,USA
tt0019571,USA
tt0019574,USA
tt0019585,USA
tt0019591,USA
tt0019630,USA
tt0019644,USA
tt0019658,UK
tt0019684,USA
tt0019690,USA
tt0019699,USA
tt0019702,UK
tt0019725,USA
tt0019726,USA
tt0019729,USA
tt0019735,USA
tt0019745,USA
tt0019777,USA
tt0019785,USA
tt0019788,USA
tt0019798,USA
tt0019800,USA
tt0019811,USA
tt0019815,USA
tt0019823,USA
tt0019824,USA
tt0019843,USA
tt0019852,USA
tt0019856,USA
tt0019884,USA
tt0019886,USA
tt0019889,UK
tt0019929,USA
tt0019933,USA
tt0019935,USA
tt0019936,USA
tt0019945,USA
tt0019946,USA
tt0019949,USA
tt0019957,USA
tt0019959,USA
tt0019976,USA
tt0019979,USA
tt0019983,USA
tt0019992,USA
tt0019993,USA
tt0020004,USA
tt0020014,USA
tt0020018,USA
tt0020025,UK
tt0020030,USA
tt0020034,USA
tt0020062,USA
tt0020078,USA
tt0020080,USA
tt0020081,USA
tt0020092,USA
tt0020099,USA
tt0020103,USA
tt0020112,USA
tt0020114,USA
tt0020122,USA
tt0020126,USA
tt0020142,"UK, Isle Of Man"
tt0020143,USA
tt0020144,USA
tt0020166,USA
tt0020197,USA
tt0020198,USA
tt0020210,USA
tt0020217,USA
tt0020223,USA
tt0020238,USA
tt0020247,USA
tt0020253,USA
tt0020269,UK
tt0020286,"UK, India, Germany"
tt0020305,USA
tt0020320,USA
tt0020332,USA
tt0020335,USA
tt0020336,USA
tt0020358,USA
tt0020359,USA
tt0020364,USA
tt0020388,USA
tt0020392,USA
tt0020402,USA
tt0020403,USA
tt0020405,USA
tt0020410,USA
tt0020425,USA
tt0020442,USA
tt0020446,USA
tt0020458,USA
tt0020461,USA
tt0020466,USA
tt0020479,USA
tt0020480,USA
tt0020488,USA
tt0020490,USA
tt0020492,USA
tt0020499,USA
tt0020502,USA
tt0020514,USA
tt0020516,USA
tt0020534,USA
tt0020538,USA
tt0020542,USA
tt0020543,USA
tt0020556,USA
tt0020572,USA
tt0020581,USA
tt0020585,USA
tt0020589,USA
tt0020590,USA
tt0020613,USA
tt0020620,USA
tt0020629,USA
tt0020640,USA
tt0020641,USA
tt0020661,USA
tt0020668,USA
tt0020670,USA
tt0020673,USA
tt0020679,USA
tt0020686,USA
tt0020690,USA
tt0020691,USA
tt0020693,USA
tt0020695,USA
tt0020697,Germany
tt0020702,USA
tt0020713,USA
tt0020724,USA
tt0020740,USA
tt0020754,USA
tt0020758,USA
tt0020763,USA
tt0020768,USA
tt0020785,USA
tt0020799,USA
tt0020806,USA
tt0020815,USA
tt0020821,USA
tt0020823,USA
tt0020827,USA
tt0020828,USA
tt0020836,USA
tt0020838,USA
tt0020852,UK
tt0020866,USA
tt0020869,USA
tt0020873,USA
tt0020875,USA
tt0020876,USA
tt0020890,USA
tt0020891,USA
tt0020894,USA
tt0020896,USA
tt0020900,USA
tt0020902,USA
tt0020919,USA
tt0020924,USA
tt0020926,USA
tt0020929,USA
tt0020938,USA
tt0020945,USA
tt0020949,USA
tt0020959,USA
tt0020960,USA
tt0020966,USA
tt0020985,USA
tt0020987,USA
tt0021001,USA
tt0021013,"UK, USA"
tt0021016,USA
tt0021025,USA
tt0021040,USA
tt0021042,USA
tt0021044,USA
tt0021048,USA
tt0021053,USA
tt0021060,USA
tt0021061,USA
tt0021069,USA
tt0021070,USA
tt0021074,USA
tt0021079,USA
tt0021087,USA
tt0021090,USA
tt0021092,USA
tt0021094,USA
tt0021100,USA
tt0021102,USA
tt0021106,USA
tt0021110,USA
tt0021121,USA
tt0021132,USA
tt0021133,USA
tt0021134,USA
tt0021140,USA
tt0021148,USA
tt0021149,USA
tt0021152,USA
tt0021153,USA
tt0021156,USA
tt0021165,UK
tt0021178,USA
tt0021189,USA
tt0021191,USA
tt0021197,USA
tt0021216,USA
tt0021217,USA
tt0021223,USA
tt0021224,USA
tt0021225,USA
tt0021228,USA
tt0021232,USA
tt0021239,USA
tt0021240,USA
tt0021263,USA
tt0021276,USA
tt0021280,USA
tt0021281,USA
tt0021282,USA
tt0021287,USA
tt0021292,USA
tt0021294,USA
tt0021295,USA
tt0021297,USA
tt0021303,USA
tt0021304,USA
tt0021307,USA
tt0021310,USA
tt0021322,USA
tt0021324,USA
tt0021335,USA
tt0021345,USA
tt0021365,USA
tt0021371,USA
tt0021374,USA
tt0021376,USA
tt0021377,USA
tt0021381,USA
tt0021382,USA
tt0021394,USA
tt0021400,USA
tt0021401,USA
tt0021408,USA
tt0021413,USA
tt0021420,USA
tt0021435,USA
tt0021439,USA
tt0021463,USA
tt0021464,USA
tt0021472,USA
tt0021483,USA
tt0021486,USA
tt0021492,USA
tt0021493,USA
tt0021505,USA
tt0021508,USA
tt0021511,USA
tt0021525,USA
tt0021531,USA
tt0021533,USA
tt0021534,USA
tt0021549,USA
tt0021550,USA
tt0021551,USA
tt0021568,USA
tt0021580,USA
tt0021595,USA
tt0021599,USA
tt0021606,USA
tt0021607,USA
tt0021615,USA
tt0021622,USA
tt0021632,USA
tt0021633,USA
tt0021635,USA
tt0021636,USA
tt0021647,USA
tt0021649,USA
tt0021657,USA
tt0021659,USA
tt0021668,USA
tt0021673,USA
tt0021684,USA
tt0021695,USA
tt0021697,USA
tt0021725,USA
tt0021730,USA
tt0021732,USA
tt0021733,USA
tt0021735,USA
tt0021743,USA
tt0021746,USA
tt0021749,USA
tt0021750,USA
tt0021754,France
tt0021756,USA
tt0021759,USA
tt0021761,USA
tt0021764,USA
tt0021768,USA
tt0021770,USA
tt0021772,USA
tt0021775,USA
tt0021778,USA
tt0021780,USA
tt0021785,USA
tt0021786,USA
tt0021793,USA
tt0021798,USA
tt0021799,USA
tt0021807,USA
tt0021814,USA
tt0021820,USA
tt0021825,USA
tt0021826,USA
tt0021828,USA
tt0021829,USA
tt0021840,USA
tt0021845,USA
tt0021847,USA
tt0021859,USA
tt0021861,USA
tt0021865,USA
tt0021873,USA
tt0021874,USA
tt0021879,USA
tt0021884,USA
tt0021885,USA
tt0021889,USA
tt0021890,USA
tt0021895,USA
tt0021900,USA
tt0021906,USA
tt0021910,USA
tt0021917,USA
tt0021919,USA
tt0021927,USA
tt0021928,USA
tt0021931,USA
tt0021932,USA
tt0021933,USA
tt0021952,USA
tt0021963,USA
tt0021966,USA
tt0021969,USA
tt0021973,USA
tt0021978,USA
tt0021986,USA
tt0021988,USA
tt0021992,USA
tt0022000,USA
tt0022001,USA
tt0022002,USA
tt0022021,USA
tt0022026,USA
tt0022029,USA
tt0022042,USA
tt0022043,USA
tt0022046,USA
tt0022054,USA
tt0022056,USA
tt0022059,USA
tt0022074,USA
tt0022085,USA
tt0022086,USA
tt0022103,USA
tt0022111,USA
tt0022117,USA
tt0022119,USA
tt0022120,USA
tt0022134,USA
tt0022135,USA
tt0022139,USA
tt0022149,USA
tt0022151,USA
tt0022153,USA
tt0022158,USA
tt0022172,USA
tt0022173,USA
tt0022177,USA
tt0022178,USA
tt0022180,USA
tt0022183,Germany
tt0022191,USA
tt0022197,USA
tt0022198,USA
tt0022204,Germany
tt0022208,USA
tt0022236,USA
tt0022243,USA
tt0022246,USA
tt0022251,USA
tt0022254,USA
tt0022259,USA
tt0022261,USA
tt0022264,USA
tt0022265,USA
tt0022268,USA
tt0022273,USA
tt0022276,USA
tt0022279,USA
tt0022285,USA
tt0022286,USA
tt0022290,USA
tt0022293,USA
tt0022296,USA
tt0022297,USA
tt0022303,USA
tt0022308,USA
tt0022317,USA
tt0022321,USA
tt0022326,USA
tt0022331,USA
tt0022335,USA
tt0022353,USA
tt0022357,USA
tt0022360,USA
tt0022373,UK
tt0022381,USA
tt0022382,USA
tt0022386,USA
tt0022391,USA
tt0022395,UK
tt0022397,USA
tt0022403,USA
tt0022404,USA
tt0022409,USA
tt0022412,USA
tt0022418,UK
tt0022425,USA
tt0022428,USA
tt0022430,USA
tt0022432,USA
tt0022433,USA
tt0022435,USA
tt0022436,USA
tt0022437,USA
tt0022440,USA
tt0022453,USA
tt0022454,USA
tt0022458,USA
tt0022463,USA
tt0022469,USA
tt0022478,USA
tt0022481,USA
tt0022484,USA
tt0022489,USA
tt0022495,USA
tt0022500,USA
tt0022501,USA
tt0022517,USA
tt0022523,USA
tt0022537,"Canada, USA"
tt0022550,USA
tt0022551,USA
tt0022572,USA
tt0022582,USA
tt0022613,USA
tt0022614,USA
tt0022615,USA
tt0022619,USA
tt0022626,USA
tt0022628,USA
tt0022635,USA
tt0022639,USA
tt0022641,USA
tt0022644,USA
tt0022651,USA
tt0022660,USA
tt0022663,USA
tt0022675,USA
tt0022676,USA
tt0022681,USA
tt0022682,USA
tt0022685,USA
tt0022689,USA
tt0022696,USA
tt0022698,USA
tt0022700,USA
tt0022725,USA
tt0022731,USA
tt0022733,USA
tt0022735,USA
tt0022737,USA
tt0022748,USA
tt0022751,USA
tt0022753,USA
tt0022755,USA
tt0022775,USA
tt0022778,USA
tt0022784,USA
tt0022788,USA
tt0022789,USA
tt0022792,USA
tt0022796,USA
tt0022799,USA
tt0022802,USA
tt0022814,USA
tt0022824,USA
tt0022827,USA
tt0022834,USA
tt0022835,USA
tt0022854,USA
tt0022864,USA
tt0022873,USA
tt0022876,USA
tt0022879,USA
tt0022882,USA
tt0022888,USA
tt0022890,USA
tt0022897,USA
tt0022905,USA
tt0022913,USA
tt0022918,USA
tt0022934,USA
tt0022938,USA
tt0022941,USA
tt0022958,USA
tt0022961,USA
tt0022971,USA
tt0022979,USA
tt0022981,USA
tt0022987,USA
tt0022990,USA
tt0022991,USA
tt0023007,USA
tt0023013,USA
tt0023027,USA
tt0023028,USA
tt0023034,USA
tt0023038,USA
tt0023042,USA
tt0023049,USA
tt0023055,USA
tt0023066,USA
tt0023074,USA
tt0023088,USA
tt0023092,USA
tt0023101,USA
tt0023108,USA
tt0023109,USA
tt0023110,USA
tt0023117,USA
tt0023119,USA
tt0023121,USA
tt0023125,USA
tt0023132,USA
tt0023139,USA
tt0023145,UK
tt0023151,USA
tt0023153,USA
tt0023157,USA
tt0023158,USA
tt0023162,USA
tt0023169,USA
tt0023175,USA
tt0023180,USA
tt0023181,USA
tt0023187,USA
tt0023194,USA
tt0023196,USA
tt0023198,USA
tt0023202,USA
tt0023208,USA
tt0023209,USA
tt0023213,USA
tt0023221,USA
tt0023225,USA
tt0023228,USA
tt0023230,USA
tt0023236,USA
tt0023238,USA
tt0023240,USA
tt0023241,USA
tt0023243,USA
tt0023245,USA
tt0023247,USA
tt0023249,USA
tt0023262,USA
tt0023266,USA
tt0023268,USA
tt0023271,USA
tt0023277,USA
tt0023278,USA
tt0023285,UK
tt0023293,USA
tt0023302,USA
tt0023303,USA
tt0023305,USA
tt0023316,USA
tt0023322,USA
tt0023326,USA
tt0023327,USA
tt0023333,USA
tt0023334,USA
tt0023335,USA
tt0023342,USA
tt0023349,USA
tt0023352,USA
tt0023358,USA
tt0023362,USA
tt0023369,USA
tt0023374,USA
tt0023382,USA
tt0023384,USA
tt0023385,USA
tt0023394,USA
tt0023395,UK
tt0023396,USA
tt0023406,USA
tt0023407,USA
tt0023410,UK
tt0023424,USA
tt0023427,USA
tt0023447,USA
tt0023455,UK
tt0023456,USA
tt0023460,USA
tt0023464,USA
tt0023469,UK
tt0023470,USA
tt0023472,USA
tt0023478,USA
tt0023479,USA
tt0023480,USA
tt0023486,USA
tt0023488,USA
tt0023491,USA
tt0023495,USA
tt0023498,USA
tt0023507,USA
tt0023520,USA
tt0023523,USA
tt0023524,USA
tt0023525,USA
tt0023527,USA
tt0023528,USA
tt0023529,USA
tt0023537,USA
tt0023545,USA
tt0023549,USA
tt0023551,USA
tt0023556,USA
tt0023560,USA
tt0023567,USA
tt0023580,UK
tt0023581,USA
tt0023582,USA
tt0023583,USA
tt0023584,USA
tt0023589,USA
tt0023590,USA
tt0023594,USA
tt0023601,USA
tt0023604,USA
tt0023622,USA
tt0023625,USA
tt0023629,USA
tt0023631,USA
tt0023635,USA
tt0023642,USA
tt0023646,USA
tt0023652,USA
tt0023655,USA
tt0023659,USA
tt0023673,USA
tt0023677,USA
tt0023681,USA
tt0023684,USA
tt0023685,USA
tt0023686,USA
tt0023694,USA
tt0023701,USA
tt0023706,USA
tt0023716,USA
tt0023719,USA
tt0023720,USA
tt0023731,USA
tt0023737,USA
tt0023740,USA
tt0023742,USA
tt0023744,USA
tt0023749,USA
tt0023753,USA
tt0023758,USA
tt0023759,USA
tt0023761,USA
tt0023769,USA
tt0023775,USA
tt0023778,USA
tt0023785,USA
tt0023786,USA
tt0023790,USA
tt0023793,USA
tt0023794,USA
tt0023808,USA
tt0023814,USA
tt0023816,USA
tt0023817,USA
tt0023818,USA
tt0023825,USA
tt0023838,USA
tt0023842,USA
tt0023846,USA
tt0023847,USA
tt0023848,USA
tt0023856,USA
tt0023860,USA
tt0023872,USA
tt0023876,USA
tt0023878,USA
tt0023880,USA
tt0023881,USA
tt0023887,USA
tt0023891,USA
tt0023893,USA
tt0023896,USA
tt0023899,USA
tt0023900,USA
tt0023909,USA
tt0023911,USA
tt0023926,USA
tt0023932,USA
tt0023935,USA
tt0023938,USA
tt0023940,USA
tt0023943,USA
tt0023945,USA
tt0023949,USA
tt0023955,USA
tt0023956,"UK, France"
tt0023957,USA
tt0023960,USA
tt0023969,USA
tt0023973,USA
tt0023982,USA
tt0023984,USA
tt0023985,USA
tt0023986,USA
tt0023990,USA
tt0023992,USA
tt0023993,USA
tt0023996,"UK, France, Germany"
tt0024005,USA
tt0024008,USA
tt0024025,USA
tt0024028,USA
tt0024034,USA
tt0024037,UK
tt0024040,USA
tt0024044,USA
tt0024048,USA
tt0024054,UK
tt0024055,UK
tt0024062,USA
tt0024067,USA
tt0024073,UK
tt0024075,USA
tt0024078,USA
tt0024083,USA
tt0024090,USA
tt0024092,USA
tt0024097,USA
tt0024100,USA
tt0024104,USA
tt0024122,USA
tt0024124,USA
tt0024130,USA
tt0024139,USA
tt0024144,USA
tt0024151,USA
tt0024157,UK
tt0024160,USA
tt0024161,UK
tt0024166,USA
tt0024170,USA
tt0024176,Australia
tt0024183,USA
tt0024184,USA
tt0024188,USA
tt0024193,USA
tt0024199,USA
tt0024210,USA
tt0024211,USA
tt0024216,USA
tt0024219,USA
tt0024221,USA
tt0024222,USA
tt0024238,USA
tt0024239,USA
tt0024240,USA
tt0024257,USA
tt0024258,USA
tt0024262,USA
tt0024264,USA
tt0024269,USA
tt0024276,USA
tt0024288,USA
tt0024293,USA
tt0024301,USA
tt0024302,USA
tt0024307,USA
tt0024308,USA
tt0024314,USA
tt0024320,USA
tt0024323,USA
tt0024325,USA
tt0024334,USA
tt0024339,USA
tt0024353,USA
tt0024359,USA
tt0024360,USA
tt0024368,USA
tt0024373,USA
tt0024381,USA
tt0024382,USA
tt0024388,USA
tt0024396,USA
tt0024405,USA
tt0024411,USA
tt0024414,USA
tt0024418,USA
tt0024421,USA
tt0024426,USA
tt0024429,USA
tt0024433,USA
tt0024435,USA
tt0024436,UK
tt0024443,USA
tt0024444,USA
tt0024448,USA
tt0024450,USA
tt0024453,USA
tt0024455,USA
tt0024465,USA
tt0024471,USA
tt0024473,UK
tt0024475,USA
tt0024476,USA
tt0024484,USA
tt0024496,USA
tt0024500,USA
tt0024501,USA
tt0024506,USA
tt0024507,USA
tt0024514,"Germany, USA"
tt0024516,USA
tt0024524,USA
tt0024537,USA
tt0024538,USA
tt0024539,USA
tt0024548,USA
tt0024549,USA
tt0024553,USA
tt0024554,USA
tt0024559,USA
tt0024560,USA
tt0024561,USA
tt0024570,USA
tt0024590,USA
tt0024592,USA
tt0024593,USA
tt0024594,USA
tt0024598,USA
tt0024601,USA
tt0024605,USA
tt0024609,USA
tt0024610,USA
tt0024616,USA
tt0024617,USA
tt0024620,USA
tt0024625,USA
tt0024628,USA
tt0024631,USA
tt0024633,USA
tt0024645,USA
tt0024647,USA
tt0024656,USA
tt0024663,USA
tt0024664,USA
tt0024668,"USA, Mexico"
tt0024672,USA
tt0024674,USA
tt0024675,USA
tt0024679,USA
tt0024684,USA
tt0024685,USA
tt0024701,USA
tt0024704,USA
tt0024727,USA
tt0024736,Germany
tt0024742,USA
tt0024747,UK
tt0024757,UK
tt0024762,USA
tt0024763,USA
tt0024768,USA
tt0024769,USA
tt0024770,USA
tt0024771,USA
tt0024772,USA
tt0024781,USA
tt0024782,USA
tt0024785,USA
tt0024786,USA
tt0024787,USA
tt0024800,USA
tt0024805,USA
tt0024808,USA
tt0024809,USA
tt0024816,USA
tt0024819,USA
tt0024831,USA
tt0024851,USA
tt0024852,USA
tt0024854,USA
tt0024855,USA
tt0024865,USA
tt0024867,USA
tt0024868,USA
tt0024873,USA
tt0024890,USA
tt0024892,USA
tt0024894,USA
tt0024895,USA
tt0024897,USA
tt0024902,USA
tt0024903,USA
tt0024906,USA
tt0024910,USA
tt0024914,USA
tt0024915,USA
tt0024916,USA
tt0024932,USA
tt0024933,UK
tt0024939,USA
tt0024951,USA
tt0024952,USA
tt0024958,USA
tt0024960,USA
tt0024961,USA
tt0024962,UK
tt0024963,USA
tt0024965,USA
tt0024968,USA
tt0024969,USA
tt0024978,UK
tt0024981,USA
tt0024989,UK
tt0024991,USA
tt0024992,USA
tt0025004,USA
tt0025009,USA
tt0025011,USA
tt0025025,USA
tt0025028,USA
tt0025031,USA
tt0025034,USA
tt0025037,USA
tt0025038,UK
tt0025039,USA
tt0025040,USA
tt0025046,USA
tt0025066,USA
tt0025068,USA
tt0025069,USA
tt0025075,USA
tt0025076,USA
tt0025091,USA
tt0025094,UK
tt0025101,USA
tt0025117,USA
tt0025118,UK
tt0025119,USA
tt0025124,USA
tt0025129,USA
tt0025132,USA
tt0025134,USA
tt0025151,USA
tt0025161,USA
tt0025163,USA
tt0025164,USA
tt0025165,USA
tt0025169,USA
tt0025170,USA
tt0025173,USA
tt0025176,USA
tt0025194,USA
tt0025202,USA
tt0025204,USA
tt0025219,USA
tt0025222,USA
tt0025223,USA
tt0025226,USA
tt0025228,USA
tt0025238,USA
tt0025239,USA
tt0025250,USA
tt0025251,USA
tt0025254,USA
tt0025256,USA
tt0025263,USA
tt0025271,USA
tt0025272,USA
tt0025273,USA
tt0025284,USA
tt0025290,USA
tt0025301,USA
tt0025303,USA
tt0025316,USA
tt0025318,USA
tt0025323,USA
tt0025329,UK
tt0025330,USA
tt0025333,USA
tt0025335,USA
tt0025340,USA
tt0025342,USA
tt0025345,USA
tt0025346,USA
tt0025347,USA
tt0025349,USA
tt0025351,USA
tt0025363,USA
tt0025366,USA
tt0025371,USA
tt0025373,USA
tt0025384,USA
tt0025391,USA
tt0025393,USA
tt0025408,USA
tt0025409,USA
tt0025410,USA
tt0025417,USA
tt0025418,USA
tt0025420,USA
tt0025421,USA
tt0025422,USA
tt0025423,USA
tt0025426,USA
tt0025440,USA
tt0025443,USA
tt0025452,UK
tt0025453,USA
tt0025455,USA
tt0025459,USA
tt0025461,USA
tt0025464,USA
tt0025465,USA
tt0025472,USA
tt0025479,USA
tt0025489,USA
tt0025492,USA
tt0025493,USA
tt0025494,USA
tt0025499,USA
tt0025500,USA
tt0025510,USA
tt0025514,USA
tt0025515,USA
tt0025520,USA
tt0025523,USA
tt0025529,USA
tt0025530,USA
tt0025531,USA
tt0025532,USA
tt0025533,USA
tt0025536,USA
tt0025543,USA
tt0025546,USA
tt0025555,USA
tt0025566,USA
tt0025569,USA
tt0025579,USA
tt0025580,USA
tt0025586,USA
tt0025590,USA
tt0025596,USA
tt0025600,USA
tt0025601,USA
tt0025607,USA
tt0025610,USA
tt0025611,USA
tt0025617,USA
tt0025619,USA
tt0025629,USA
tt0025644,USA
tt0025645,USA
tt0025674,USA
tt0025681,UK
tt0025699,USA
tt0025704,UK
tt0025709,USA
tt0025710,UK
tt0025712,USA
tt0025718,USA
tt0025720,USA
tt0025725,USA
tt0025731,USA
tt0025740,USA
tt0025746,USA
tt0025747,USA
tt0025748,UK
tt0025755,USA
tt0025759,UK
tt0025762,USA
tt0025763,USA
tt0025774,USA
tt0025785,USA
tt0025788,USA
tt0025797,USA
tt0025799,USA
tt0025803,USA
tt0025809,UK
tt0025822,USA
tt0025826,USA
tt0025828,USA
tt0025829,USA
tt0025830,USA
tt0025833,USA
tt0025836,USA
tt0025838,USA
tt0025843,USA
tt0025844,USA
tt0025850,USA
tt0025862,USA
tt0025878,USA
tt0025880,USA
tt0025882,USA
tt0025883,USA
tt0025893,USA
tt0025903,USA
tt0025905,USA
tt0025907,USA
tt0025919,USA
tt0025920,USA
tt0025923,USA
tt0025935,USA
tt0025939,USA
tt0025943,"Germany, USA"
tt0025945,USA
tt0025948,USA
tt0025954,USA
tt0025964,USA
tt0025965,USA
tt0025966,USA
tt0025967,USA
tt0025969,USA
tt0025973,USA
tt0025982,USA
tt0025983,USA
tt0025989,USA
tt0026003,USA
tt0026006,USA
tt0026007,USA
tt0026008,USA
tt0026015,USA
tt0026017,USA
tt0026019,USA
tt0026023,France
tt0026029,UK
tt0026043,USA
tt0026045,USA
tt0026046,USA
tt0026047,USA
tt0026055,USA
tt0026056,USA
tt0026071,USA
tt0026073,USA
tt0026075,USA
tt0026082,USA
tt0026085,USA
tt0026092,USA
tt0026097,USA
tt0026104,USA
tt0026107,USA
tt0026113,USA
tt0026117,USA
tt0026120,USA
tt0026121,USA
tt0026123,USA
tt0026124,USA
tt0026126,USA
tt0026129,USA
tt0026132,UK
tt0026134,USA
tt0026137,USA
tt0026138,USA
tt0026139,USA
tt0026142,USA
tt0026143,USA
tt0026144,USA
tt0026164,USA
tt0026174,USA
tt0026179,UK
tt0026180,USA
tt0026184,USA
tt0026185,USA
tt0026187,USA
tt0026191,USA
tt0026195,USA
tt0026197,USA
tt0026198,USA
tt0026199,USA
tt0026205,USA
tt0026209,USA
tt0026211,UK
tt0026216,USA
tt0026221,USA
tt0026230,USA
tt0026245,UK
tt0026246,USA
tt0026249,USA
tt0026252,USA
tt0026261,USA
tt0026262,USA
tt0026264,USA
tt0026266,USA
tt0026267,USA
tt0026273,USA
tt0026275,USA
tt0026276,USA
tt0026277,USA
tt0026279,USA
tt0026289,USA
tt0026292,USA
tt0026293,USA
tt0026303,USA
tt0026313,USA
tt0026315,USA
tt0026325,USA
tt0026333,USA
tt0026338,USA
tt0026343,USA
tt0026361,UK
tt0026363,USA
tt0026369,USA
tt0026373,USA
tt0026377,UK
tt0026378,USA
tt0026385,USA
tt0026388,USA
tt0026393,USA
tt0026400,USA
tt0026402,UK
tt0026403,USA
tt0026406,UK
tt0026409,USA
tt0026413,USA
tt0026416,USA
tt0026417,USA
tt0026418,USA
tt0026419,USA
tt0026420,USA
tt0026421,USA
tt0026424,USA
tt0026426,USA
tt0026431,USA
tt0026432,USA
tt0026446,UK
tt0026452,USA
tt0026465,USA
tt0026491,USA
tt0026493,USA
tt0026505,USA
tt0026507,USA
tt0026508,USA
tt0026519,USA
tt0026523,USA
tt0026524,USA
tt0026525,USA
tt0026529,USA
tt0026534,USA
tt0026542,USA
tt0026571,USA
tt0026599,USA
tt0026605,USA
tt0026606,UK
tt0026607,USA
tt0026609,USA
tt0026614,USA
tt0026621,USA
tt0026629,USA
tt0026632,USA
tt0026641,USA
tt0026643,USA
tt0026644,USA
tt0026646,USA
tt0026647,UK
tt0026656,USA
tt0026663,USA
tt0026667,USA
tt0026671,USA
tt0026675,UK
tt0026676,USA
tt0026683,USA
tt0026684,USA
tt0026685,USA
tt0026688,USA
tt0026689,USA
tt0026711,USA
tt0026714,USA
tt0026720,USA
tt0026721,USA
tt0026723,USA
tt0026725,USA
tt0026739,USA
tt0026740,USA
tt0026742,USA
tt0026743,UK
tt0026744,USA
tt0026747,USA
tt0026752,USA
tt0026755,USA
tt0026756,USA
tt0026758,USA
tt0026759,UK
tt0026768,USA
tt0026772,USA
tt0026773,USA
tt0026774,USA
tt0026775,USA
tt0026778,USA
tt0026781,USA
tt0026784,UK
tt0026787,USA
tt0026799,USA
tt0026805,USA
tt0026811,USA
tt0026818,UK
tt0026819,USA
tt0026835,USA
tt0026839,USA
tt0026840,USA
tt0026846,USA
tt0026852,USA
tt0026854,UK
tt0026864,USA
tt0026865,USA
tt0026866,USA
tt0026867,USA
tt0026868,UK
tt0026886,USA
tt0026893,USA
tt0026895,USA
tt0026897,USA
tt0026901,USA
tt0026908,USA
tt0026910,USA
tt0026912,USA
tt0026914,USA
tt0026917,USA
tt0026919,USA
tt0026921,USA
tt0026922,USA
tt0026926,USA
tt0026932,USA
tt0026934,USA
tt0026939,UK
tt0026942,USA
tt0026955,USA
tt0026956,USA
tt0026966,UK
tt0026970,USA
tt0026971,USA
tt0026972,UK
tt0026973,USA
tt0026978,USA
tt0026980,USA
tt0026982,USA
tt0026983,USA
tt0026984,USA
tt0026986,USA
tt0026988,USA
tt0026991,USA
tt0026992,USA
tt0027000,USA
tt0027018,USA
tt0027020,USA
tt0027028,USA
tt0027029,USA
tt0027033,USA
tt0027040,USA
tt0027041,USA
tt0027042,USA
tt0027050,USA
tt0027053,USA
tt0027057,USA
tt0027064,USA
tt0027067,USA
tt0027075,USA
tt0027087,USA
tt0027088,USA
tt0027090,UK
tt0027099,USA
tt0027110,USA
tt0027125,USA
tt0027131,UK
tt0027133,USA
tt0027136,UK
tt0027139,USA
tt0027166,USA
tt0027185,USA
tt0027188,USA
tt0027189,USA
tt0027194,USA
tt0027196,USA
tt0027200,USA
tt0027204,USA
tt0027205,USA
tt0027207,USA
tt0027214,USA
tt0027221,USA
tt0027227,USA
tt0027228,USA
tt0027247,USA
tt0027250,USA
tt0027254,USA
tt0027255,USA
tt0027258,USA
tt0027260,USA
tt0027286,UK
tt0027293,USA
tt0027300,USA
tt0027302,USA
tt0027311,UK
tt0027331,USA
tt0027332,USA
tt0027345,USA
tt0027356,USA
tt0027357,USA
tt0027358,USA
tt0027361,USA
tt0027367,USA
tt0027376,USA
tt0027377,USA
tt0027387,USA
tt0027395,USA
tt0027396,USA
tt0027407,USA
tt0027408,USA
tt0027413,USA
tt0027415,USA
tt0027420,USA
tt0027421,USA
tt0027428,USA
tt0027429,USA
tt0027438,USA
tt0027439,USA
tt0027440,USA
tt0027441,USA
tt0027442,USA
tt0027443,USA
tt0027445,USA
tt0027455,USA
tt0027456,USA
tt0027459,USA
tt0027470,USA
tt0027473,USA
tt0027474,USA
tt0027479,USA
tt0027481,UK
tt0027482,USA
tt0027484,UK
tt0027488,USA
tt0027496,USA
tt0027499,USA
tt0027501,USA
tt0027502,USA
tt0027504,USA
tt0027515,USA
tt0027518,USA
tt0027521,USA
tt0027527,USA
tt0027532,USA
tt0027537,USA
tt0027545,USA
tt0027562,USA
tt0027593,USA
tt0027594,USA
tt0027623,USA
tt0027624,USA
tt0027630,USA
tt0027635,"UK, Germany"
tt0027652,USA
tt0027654,USA
tt0027656,USA
tt0027657,USA
tt0027660,USA
tt0027664,USA
tt0027665,USA
tt0027669,USA
tt0027677,USA
tt0027679,USA
tt0027684,USA
tt0027686,USA
tt0027687,USA
tt0027690,USA
tt0027697,USA
tt0027700,USA
tt0027725,USA
tt0027726,USA
tt0027727,USA
tt0027746,USA
tt0027760,USA
tt0027800,USA
tt0027805,USA
tt0027807,USA
tt0027810,UK
tt0027824,UK
tt0027830,USA
tt0027838,UK
tt0027840,USA
tt0027845,USA
tt0027847,USA
tt0027849,USA
tt0027851,USA
tt0027860,USA
tt0027862,USA
tt0027869,USA
tt0027875,USA
tt0027876,USA
tt0027884,USA
tt0027893,USA
tt0027902,USA
tt0027905,USA
tt0027908,USA
tt0027913,USA
tt0027914,USA
tt0027921,USA
tt0027923,USA
tt0027932,USA
tt0027938,UK
tt0027940,UK
tt0027948,USA
tt0027952,USA
tt0027954,UK
tt0027959,USA
tt0027969,USA
tt0027977,USA
tt0027979,USA
tt0027980,USA
tt0027985,USA
tt0027996,USA
tt0027999,USA
tt0028000,USA
tt0028002,USA
tt0028003,USA
tt0028004,USA
tt0028008,USA
tt0028010,USA
tt0028029,USA
tt0028031,USA
tt0028033,UK
tt0028054,USA
tt0028062,USA
tt0028063,USA
tt0028070,USA
tt0028074,USA
tt0028092,USA
tt0028096,USA
tt0028097,USA
tt0028102,USA
tt0028103,USA
tt0028108,USA
tt0028111,USA
tt0028112,USA
tt0028117,USA
tt0028118,USA
tt0028120,USA
tt0028132,USA
tt0028135,USA
tt0028138,USA
tt0028140,USA
tt0028141,USA
tt0028142,USA
tt0028143,USA
tt0028144,USA
tt0028158,USA
tt0028163,USA
tt0028167,UK
tt0028174,USA
tt0028176,UK
tt0028178,USA
tt0028181,USA
tt0028190,USA
tt0028191,USA
tt0028197,USA
tt0028200,USA
tt0028203,USA
tt0028207,USA
tt0028212,UK
tt0028216,USA
tt0028219,USA
tt0028227,USA
tt0028231,UK
tt0028240,UK
tt0028241,USA
tt0028243,UK
tt0028249,USA
tt0028257,USA
tt0028260,USA
tt0028269,USA
tt0028270,USA
tt0028272,USA
tt0028282,UK
tt0028283,USA
tt0028284,USA
tt0028286,USA
tt0028290,USA
tt0028291,USA
tt0028305,USA
tt0028310,USA
tt0028313,USA
tt0028315,USA
tt0028321,USA
tt0028330,USA
tt0028331,UK
tt0028333,USA
tt0028334,USA
tt0028345,USA
tt0028346,USA
tt0028352,USA
tt0028353,USA
tt0028354,USA
tt0028356,USA
tt0028358,UK
tt0028359,USA
tt0028367,USA
tt0028371,USA
tt0028372,USA
tt0028373,USA
tt0028377,USA
tt0028383,USA
tt0028398,USA
tt0028400,USA
tt0028401,USA
tt0028405,USA
tt0028416,USA
tt0028426,USA
tt0028433,USA
tt0028442,USA
tt0028444,USA
tt0028447,USA
tt0028455,USA
tt0028471,USA
tt0028478,USA
tt0028479,USA
tt0028481,USA
tt0028483,USA
tt0028484,USA
tt0028486,USA
tt0028496,UK
tt0028499,USA
tt0028505,USA
tt0028509,UK
tt0028510,USA
tt0028511,USA
tt0028513,USA
tt0028517,USA
tt0028522,USA
tt0028527,USA
tt0028555,USA
tt0028557,USA
tt0028564,USA
tt0028566,USA
tt0028567,France
tt0028568,USA
tt0028575,USA
tt0028579,USA
tt0028582,USA
tt0028587,USA
tt0028589,USA
tt0028597,USA
tt0028599,USA
tt0028603,USA
tt0028607,USA
tt0028616,USA
tt0028618,USA
tt0028623,USA
tt0028628,USA
tt0028629,UK
tt0028637,USA
tt0028646,USA
tt0028650,USA
tt0028651,USA
tt0028653,USA
tt0028659,USA
tt0028661,USA
tt0028662,USA
tt0028663,UK
tt0028665,USA
tt0028667,USA
tt0028668,USA
tt0028669,UK
tt0028670,USA
tt0028676,USA
tt0028677,USA
tt0028679,USA
tt0028691,USA
tt0028695,USA
tt0028707,USA
tt0028708,USA
tt0028709,USA
tt0028737,USA
tt0028739,USA
tt0028755,"Canada, UK"
tt0028757,USA
tt0028758,USA
tt0028761,USA
tt0028764,USA
tt0028767,UK
tt0028770,USA
tt0028772,USA
tt0028773,USA
tt0028776,USA
tt0028783,USA
tt0028785,USA
tt0028788,UK
tt0028799,USA
tt0028804,USA
tt0028806,USA
tt0028807,UK
tt0028808,USA
tt0028816,USA
tt0028818,UK
tt0028827,UK
tt0028829,USA
tt0028836,USA
tt0028841,USA
tt0028842,USA
tt0028843,USA
tt0028850,USA
tt0028868,USA
tt0028872,UK
tt0028873,USA
tt0028874,USA
tt0028880,USA
tt0028882,USA
tt0028887,USA
tt0028891,USA
tt0028907,USA
tt0028934,USA
tt0028939,USA
tt0028941,USA
tt0028944,USA
tt0028945,UK
tt0028950,France
tt0028953,USA
tt0028955,USA
tt0028958,USA
tt0028971,USA
tt0028988,USA
tt0028998,USA
tt0029000,USA
tt0029001,USA
tt0029002,USA
tt0029004,USA
tt0029006,USA
tt0029009,USA
tt0029010,USA
tt0029012,USA
tt0029019,USA
tt0029020,USA
tt0029028,USA
tt0029030,USA
tt0029034,USA
tt0029036,USA
tt0029043,USA
tt0029044,USA
tt0029050,USA
tt0029056,USA
tt0029064,UK
tt0029066,USA
tt0029080,USA
tt0029081,UK
tt0029082,USA
tt0029087,UK
tt0029102,USA
tt0029108,USA
tt0029109,USA
tt0029118,USA
tt0029119,USA
tt0029120,USA
tt0029144,USA
tt0029145,USA
tt0029146,USA
tt0029157,USA
tt0029158,USA
tt0029159,USA
tt0029162,USA
tt0029165,USA
tt0029166,USA
tt0029171,UK
tt0029179,USA
tt0029190,USA
tt0029193,USA
tt0029196,USA
tt0029201,UK
tt0029207,USA
tt0029209,USA
tt0029217,USA
tt0029218,USA
tt0029222,USA
tt0029231,USA
tt0029238,USA
tt0029253,USA
tt0029263,USA
tt0029267,USA
tt0029277,USA
tt0029283,USA
tt0029284,USA
tt0029289,USA
tt0029297,USA
tt0029301,UK
tt0029303,USA
tt0029308,USA
tt0029309,USA
tt0029310,USA
tt0029318,USA
tt0029319,UK
tt0029321,USA
tt0029322,USA
tt0029328,UK
tt0029334,USA
tt0029335,UK
tt0029337,USA
tt0029345,USA
tt0029347,USA
tt0029361,USA
tt0029364,USA
tt0029365,UK
tt0029367,USA
tt0029377,USA
tt0029391,USA
tt0029394,France
tt0029395,USA
tt0029401,USA
tt0029440,USA
tt0029442,USA
tt0029445,USA
tt0029446,USA
tt0029454,USA
tt0029467,USA
tt0029482,USA
tt0029486,USA
tt0029488,USA
tt0029491,USA
tt0029498,USA
tt0029499,USA
tt0029501,USA
tt0029505,USA
tt0029508,USA
tt0029511,USA
tt0029516,USA
tt0029517,USA
tt0029527,USA
tt0029529,USA
tt0029539,USA
tt0029541,USA
tt0029542,USA
tt0029546,USA
tt0029565,UK
tt0029568,USA
tt0029571,USA
tt0029573,USA
tt0029577,USA
tt0029578,USA
tt0029579,USA
tt0029581,USA
tt0029583,USA
tt0029584,USA
tt0029588,USA
tt0029593,USA
tt0029602,USA
tt0029603,UK
tt0029605,USA
tt0029606,USA
tt0029608,USA
tt0029609,USA
tt0029611,UK
tt0029617,USA
tt0029622,USA
tt0029626,USA
tt0029646,USA
tt0029648,USA
tt0029650,USA
tt0029654,USA
tt0029655,USA
tt0029656,USA
tt0029658,USA
tt0029659,USA
tt0029660,USA
tt0029661,USA
tt0029662,USA
tt0029664,USA
tt0029670,UK
tt0029671,UK
tt0029672,USA
tt0029675,USA
tt0029682,USA
tt0029685,USA
tt0029694,USA
tt0029695,USA
tt0029709,USA
tt0029712,"UK, USA"
tt0029725,USA
tt0029734,UK
tt0029737,USA
tt0029742,USA
tt0029744,USA
tt0029750,USA
tt0029751,USA
tt0029752,USA
tt0029754,USA
tt0029760,UK
tt0029761,USA
tt0029764,USA
tt0029785,UK
tt0029786,USA
tt0029789,USA
tt0029790,USA
tt0029799,USA
tt0029804,USA
tt0029806,USA
tt0029808,USA
tt0029811,UK
tt0029818,USA
tt0029836,USA
tt0029841,USA
tt0029842,USA
tt0029843,USA
tt0029844,USA
tt0029845,USA
tt0029852,USA
tt0029855,USA
tt0029861,USA
tt0029864,USA
tt0029870,USA
tt0029872,USA
tt0029884,USA
tt0029892,USA
tt0029894,UK
tt0029895,USA
tt0029899,USA
tt0029906,USA
tt0029912,USA
tt0029915,USA
tt0029918,USA
tt0029923,USA
tt0029924,USA
tt0029925,USA
tt0029926,USA
tt0029927,USA
tt0029929,USA
tt0029940,USA
tt0029941,USA
tt0029942,USA
tt0029947,USA
tt0029948,USA
tt0029949,USA
tt0029950,USA
tt0029951,USA
tt0029952,USA
tt0029961,USA
tt0029971,USA
tt0029976,USA
tt0029982,UK
tt0029984,USA
tt0029989,USA
tt0029992,USA
tt0029995,UK
tt0030002,USA
tt0030007,USA
tt0030010,USA
tt0030018,USA
tt0030019,USA
tt0030021,UK
tt0030022,USA
tt0030026,USA
tt0030031,USA
tt0030037,USA
tt0030044,USA
tt0030057,USA
tt0030059,USA
tt0030062,France
tt0030063,UK
tt0030066,Sweden
tt0030074,USA
tt0030079,USA
tt0030082,UK
tt0030089,USA
tt0030090,USA
tt0030108,USA
tt0030120,USA
tt0030135,USA
tt0030136,USA
tt0030138,USA
tt0030145,USA
tt0030149,USA
tt0030150,USA
tt0030151,USA
tt0030161,USA
tt0030168,USA
tt0030169,USA
tt0030171,USA
tt0030181,USA
tt0030182,USA
tt0030183,USA
tt0030184,USA
tt0030185,USA
tt0030188,USA
tt0030190,USA
tt0030191,USA
tt0030192,USA
tt0030194,USA
tt0030202,USA
tt0030213,USA
tt0030214,USA
tt0030216,USA
tt0030220,USA
tt0030224,USA
tt0030225,USA
tt0030228,USA
tt0030231,UK
tt0030239,USA
tt0030240,USA
tt0030241,USA
tt0030254,USA
tt0030256,USA
tt0030257,UK
tt0030261,USA
tt0030265,USA
tt0030270,USA
tt0030273,USA
tt0030277,USA
tt0030279,USA
tt0030283,UK
tt0030287,USA
tt0030293,USA
tt0030295,USA
tt0030302,USA
tt0030317,USA
tt0030321,USA
tt0030341,UK
tt0030350,USA
tt0030353,USA
tt0030359,USA
tt0030368,USA
tt0030371,USA
tt0030374,USA
tt0030378,USA
tt0030382,USA
tt0030384,USA
tt0030386,USA
tt0030387,USA
tt0030392,USA
tt0030395,USA
tt0030400,USA
tt0030409,USA
tt0030410,USA
tt0030412,USA
tt0030413,USA
tt0030418,USA
tt0030423,USA
tt0030433,USA
tt0030442,USA
tt0030449,USA
tt0030464,USA
tt0030469,USA
tt0030470,USA
tt0030473,USA
tt0030479,USA
tt0030481,USA
tt0030483,USA
tt0030485,USA
tt0030491,USA
tt0030500,USA
tt0030517,USA
tt0030518,UK
tt0030535,USA
tt0030545,USA
tt0030548,USA
tt0030550,USA
tt0030554,USA
tt0030558,USA
tt0030563,USA
tt0030621,USA
tt0030625,USA
tt0030628,USA
tt0030631,USA
tt0030637,UK
tt0030650,USA
tt0030652,USA
tt0030655,USA
tt0030657,USA
tt0030663,USA
tt0030668,USA
tt0030675,UK
tt0030679,USA
tt0030689,USA
tt0030696,USA
tt0030708,UK
tt0030709,USA
tt0030710,USA
tt0030714,USA
tt0030725,USA
tt0030727,USA
tt0030731,USA
tt0030732,USA
tt0030734,UK
tt0030739,USA
tt0030741,USA
tt0030743,USA
tt0030744,USA
tt0030746,UK
tt0030752,USA
tt0030754,USA
tt0030755,USA
tt0030760,USA
tt0030764,USA
tt0030765,USA
tt0030774,UK
tt0030775,USA
tt0030779,USA
tt0030781,USA
tt0030783,USA
tt0030786,USA
tt0030793,USA
tt0030802,USA
tt0030808,USA
tt0030811,USA
tt0030812,USA
tt0030817,USA
tt0030820,USA
tt0030824,USA
tt0030831,USA
tt0030832,USA
tt0030833,USA
tt0030839,USA
tt0030845,USA
tt0030846,UK
tt0030850,USA
tt0030853,USA
tt0030854,USA
tt0030856,USA
tt0030857,USA
tt0030858,UK
tt0030864,USA
tt0030865,USA
tt0030867,USA
tt0030879,USA
tt0030881,USA
tt0030882,USA
tt0030883,USA
tt0030884,USA
tt0030887,USA
tt0030888,USA
tt0030910,USA
tt0030925,USA
tt0030933,UK
tt0030944,USA
tt0030968,USA
tt0030973,USA
tt0030981,USA
tt0030983,USA
tt0030985,USA
tt0030989,UK
tt0030990,USA
tt0030993,USA
tt0030996,USA
tt0030997,USA
tt0031000,USA
tt0031002,USA
tt0031012,USA
tt0031014,USA
tt0031020,USA
tt0031021,USA
tt0031022,USA
tt0031033,USA
tt0031038,USA
tt0031043,USA
tt0031045,USA
tt0031047,USA
tt0031051,USA
tt0031054,USA
tt0031055,UK
tt0031058,UK
tt0031060,USA
tt0031066,USA
tt0031067,USA
tt0031068,USA
tt0031071,USA
tt0031072,USA
tt0031074,USA
tt0031077,UK
tt0031082,USA
tt0031088,USA
tt0031089,USA
tt0031102,USA
tt0031103,USA
tt0031104,USA
tt0031106,USA
tt0031107,USA
tt0031108,USA
tt0031117,USA
tt0031120,USA
tt0031121,USA
tt0031122,USA
tt0031124,USA
tt0031125,USA
tt0031126,USA
tt0031133,USA
tt0031137,USA
tt0031143,USA
tt0031147,USA
tt0031148,USA
tt0031149,USA
tt0031161,UK
tt0031166,USA
tt0031169,UK
tt0031173,USA
tt0031177,USA
tt0031178,UK
tt0031179,USA
tt0031192,UK
tt0031203,USA
tt0031207,USA
tt0031208,UK
tt0031210,USA
tt0031211,USA
tt0031212,USA
tt0031215,USA
tt0031216,USA
tt0031225,USA
tt0031229,USA
tt0031230,USA
tt0031235,USA
tt0031252,USA
tt0031259,USA
tt0031260,USA
tt0031261,USA
tt0031280,USA
tt0031282,USA
tt0031285,USA
tt0031289,UK
tt0031298,USA
tt0031299,USA
tt0031302,USA
tt0031311,USA
tt0031314,USA
tt0031315,USA
tt0031322,USA
tt0031325,USA
tt0031334,UK
tt0031335,USA
tt0031336,USA
tt0031346,USA
tt0031353,USA
tt0031359,UK
tt0031367,UK
tt0031370,USA
tt0031377,USA
tt0031381,USA
tt0031383,USA
tt0031385,UK
tt0031387,USA
tt0031389,USA
tt0031392,USA
tt0031394,USA
tt0031397,USA
tt0031398,USA
tt0031403,USA
tt0031406,USA
tt0031409,USA
tt0031412,USA
tt0031417,USA
tt0031433,USA
tt0031438,USA
tt0031440,USA
tt0031442,USA
tt0031448,USA
tt0031450,USA
tt0031455,USA
tt0031466,USA
tt0031470,USA
tt0031473,USA
tt0031477,USA
tt0031478,USA
tt0031482,USA
tt0031489,UK
tt0031490,UK
tt0031491,USA
tt0031493,USA
tt0031495,USA
tt0031500,USA
tt0031505,UK
tt0031507,USA
tt0031516,USA
tt0031517,USA
tt0031530,USA
tt0031532,USA
tt0031533,USA
tt0031536,USA
tt0031547,USA
tt0031548,UK
tt0031549,USA
tt0031557,USA
tt0031565,USA
tt0031566,USA
tt0031572,USA
tt0031575,UK
tt0031580,USA
tt0031586,USA
tt0031589,USA
tt0031593,USA
tt0031595,USA
tt0031599,USA
tt0031602,USA
tt0031608,USA
tt0031611,USA
tt0031612,USA
tt0031614,USA
tt0031619,USA
tt0031620,USA
tt0031621,USA
tt0031630,USA
tt0031641,USA
tt0031645,USA
tt0031647,USA
tt0031648,USA
tt0031650,UK
tt0031657,USA
tt0031668,USA
tt0031676,USA
tt0031677,USA
tt0031678,USA
tt0031679,USA
tt0031680,USA
tt0031704,USA
tt0031708,USA
tt0031709,USA
tt0031710,USA
tt0031712,USA
tt0031716,USA
tt0031718,USA
tt0031721,USA
tt0031722,USA
tt0031725,USA
tt0031737,USA
tt0031742,USA
tt0031743,USA
tt0031747,USA
tt0031750,USA
tt0031754,USA
tt0031756,USA
tt0031757,UK
tt0031761,USA
tt0031762,USA
tt0031774,USA
tt0031777,USA
tt0031796,USA
tt0031804,UK
tt0031825,USA
tt0031826,USA
tt0031828,UK
tt0031831,UK
tt0031835,USA
tt0031838,USA
tt0031842,USA
tt0031845,USA
tt0031847,USA
tt0031851,USA
tt0031867,USA
tt0031877,USA
tt0031880,USA
tt0031885,France
tt0031890,USA
tt0031891,UK
tt0031907,USA
tt0031908,USA
tt0031909,USA
tt0031917,USA
tt0031925,USA
tt0031937,USA
tt0031946,USA
tt0031950,USA
tt0031951,USA
tt0031955,USA
tt0031957,USA
tt0031968,UK
tt0031971,USA
tt0031972,USA
tt0031973,USA
tt0031976,UK
tt0031981,USA
tt0031983,USA
tt0031987,USA
tt0031988,USA
tt0031995,USA
tt0031996,USA
tt0031999,USA
tt0032004,USA
tt0032007,USA
tt0032010,USA
tt0032015,USA
tt0032017,USA
tt0032018,USA
tt0032019,USA
tt0032022,USA
tt0032023,USA
tt0032028,USA
tt0032030,USA
tt0032032,USA
tt0032034,USA
tt0032043,USA
tt0032044,USA
tt0032045,USA
tt0032047,USA
tt0032049,USA
tt0032059,UK
tt0032065,USA
tt0032080,USA
tt0032114,USA
tt0032115,USA
tt0032124,USA
tt0032125,UK
tt0032128,USA
tt0032130,USA
tt0032135,USA
tt0032138,USA
tt0032142,USA
tt0032143,USA
tt0032145,USA
tt0032146,USA
tt0032149,USA
tt0032152,USA
tt0032153,USA
tt0032157,USA
tt0032158,USA
tt0032164,USA
tt0032176,USA
tt0032178,USA
tt0032179,UK
tt0032181,USA
tt0032184,USA
tt0032194,USA
tt0032198,USA
tt0032205,USA
tt0032206,USA
tt0032207,USA
tt0032209,USA
tt0032211,USA
tt0032215,USA
tt0032220,USA
tt0032221,USA
tt0032234,USA
tt0032245,USA
tt0032247,USA
tt0032252,USA
tt0032254,USA
tt0032256,USA
tt0032258,USA
tt0032261,USA
tt0032262,USA
tt0032263,USA
tt0032264,USA
tt0032273,USA
tt0032277,USA
tt0032281,USA
tt0032283,USA
tt0032284,USA
tt0032285,USA
tt0032286,USA
tt0032289,USA
tt0032290,USA
tt0032299,USA
tt0032304,USA
tt0032305,USA
tt0032312,USA
tt0032313,UK
tt0032315,USA
tt0032321,USA
tt0032323,UK
tt0032324,USA
tt0032325,USA
tt0032326,USA
tt0032333,USA
tt0032338,USA
tt0032339,USA
tt0032341,USA
tt0032342,USA
tt0032346,USA
tt0032349,USA
tt0032353,USA
tt0032354,UK
tt0032356,UK
tt0032358,USA
tt0032359,UK
tt0032366,UK
tt0032369,USA
tt0032373,USA
tt0032376,USA
tt0032383,USA
tt0032390,USA
tt0032391,USA
tt0032396,USA
tt0032397,USA
tt0032404,USA
tt0032406,UK
tt0032410,USA
tt0032412,USA
tt0032413,USA
tt0032414,USA
tt0032415,USA
tt0032416,USA
tt0032420,USA
tt0032422,USA
tt0032423,USA
tt0032424,USA
tt0032428,USA
tt0032429,USA
tt0032432,USA
tt0032438,USA
tt0032447,USA
tt0032455,USA
tt0032457,USA
tt0032467,USA
tt0032472,USA
tt0032473,USA
tt0032475,USA
tt0032476,USA
tt0032477,USA
tt0032481,USA
tt0032484,USA
tt0032487,USA
tt0032499,USA
tt0032503,USA
tt0032505,USA
tt0032511,UK
tt0032520,USA
tt0032521,USA
tt0032530,USA
tt0032536,USA
tt0032539,USA
tt0032550,USA
tt0032551,USA
tt0032553,USA
tt0032554,USA
tt0032556,USA
tt0032557,USA
tt0032558,USA
tt0032559,USA
tt0032566,USA
tt0032571,UK
tt0032575,USA
tt0032576,USA
tt0032592,USA
tt0032596,USA
tt0032599,USA
tt0032602,USA
tt0032609,USA
tt0032610,USA
tt0032612,USA
tt0032613,USA
tt0032614,USA
tt0032617,USA
tt0032620,USA
tt0032624,USA
tt0032634,USA
tt0032635,USA
tt0032636,USA
tt0032637,USA
tt0032638,USA
tt0032641,USA
tt0032643,USA
tt0032644,USA
tt0032651,USA
tt0032668,USA
tt0032670,USA
tt0032671,USA
tt0032676,USA
tt0032686,USA
tt0032687,USA
tt0032690,USA
tt0032699,UK
tt0032701,USA
tt0032703,USA
tt0032706,USA
tt0032710,USA
tt0032717,USA
tt0032718,USA
tt0032719,USA
tt0032725,USA
tt0032726,USA
tt0032728,USA
tt0032730,USA
tt0032733,USA
tt0032741,USA
tt0032746,USA
tt0032747,USA
tt0032750,USA
tt0032753,USA
tt0032761,USA
tt0032762,USA
tt0032763,USA
tt0032766,USA
tt0032779,USA
tt0032782,USA
tt0032786,USA
tt0032788,USA
tt0032790,USA
tt0032796,USA
tt0032799,USA
tt0032811,USA
tt0032818,USA
tt0032819,USA
tt0032820,USA
tt0032823,USA
tt0032828,USA
tt0032829,USA
tt0032831,USA
tt0032832,USA
tt0032840,USA
tt0032842,UK
tt0032846,USA
tt0032847,USA
tt0032850,USA
tt0032851,USA
tt0032869,USA
tt0032871,USA
tt0032873,USA
tt0032881,USA
tt0032882,USA
tt0032901,USA
tt0032903,USA
tt0032904,USA
tt0032910,USA
tt0032916,USA
tt0032925,USA
tt0032946,USA
tt0032961,UK
tt0032963,USA
tt0032976,USA
tt0032981,USA
tt0032983,USA
tt0032986,USA
tt0032993,USA
tt0033007,Finland
tt0033013,USA
tt0033014,USA
tt0033016,UK
tt0033020,USA
tt0033021,USA
tt0033022,USA
tt0033024,USA
tt0033028,USA
tt0033029,USA
tt0033031,UK
tt0033038,USA
tt0033040,USA
tt0033045,USA
tt0033047,USA
tt0033056,USA
tt0033059,USA
tt0033062,USA
tt0033075,USA
tt0033076,USA
tt0033082,USA
tt0033083,USA
tt0033086,UK
tt0033088,UK
tt0033092,USA
tt0033095,USA
tt0033099,USA
tt0033100,USA
tt0033105,USA
tt0033107,USA
tt0033110,USA
tt0033113,USA
tt0033117,USA
tt0033124,USA
tt0033137,USA
tt0033139,USA
tt0033140,USA
tt0033144,USA
tt0033145,USA
tt0033149,USA
tt0033150,USA
tt0033152,"UK, USA"
tt0033153,USA
tt0033154,USA
tt0033157,USA
tt0033159,USA
tt0033160,USA
tt0033167,USA
tt0033169,USA
tt0033173,USA
tt0033174,USA
tt0033175,USA
tt0033187,USA
tt0033190,USA
tt0033191,USA
tt0033214,USA
tt0033221,USA
tt0033224,USA
tt0033226,USA
tt0033234,USA
tt0033238,USA
tt0033246,USA
tt0033253,USA
tt0033254,USA
tt0033265,USA
tt0033276,USA
tt0033279,USA
tt0033283,USA
tt0033286,USA
tt0033287,USA
tt0033288,USA
tt0033289,USA
tt0033307,Australia
tt0033314,USA
tt0033317,USA
tt0033319,USA
tt0033323,USA
tt0033331,USA
tt0033332,USA
tt0033337,USA
tt0033342,USA
tt0033351,USA
tt0033365,USA
tt0033366,USA
tt0033367,USA
tt0033368,USA
tt0033369,USA
tt0033370,USA
tt0033372,USA
tt0033373,USA
tt0033375,USA
tt0033378,USA
tt0033379,USA
tt0033382,USA
tt0033383,USA
tt0033388,USA
tt0033389,USA
tt0033390,USA
tt0033396,USA
tt0033397,USA
tt0033398,UK
tt0033400,USA
tt0033403,USA
tt0033404,USA
tt0033405,USA
tt0033406,USA
tt0033407,USA
tt0033408,USA
tt0033409,USA
tt0033414,USA
tt0033425,USA
tt0033428,USA
tt0033432,USA
tt0033435,USA
tt0033436,USA
tt0033438,USA
tt0033439,USA
tt0033452,USA
tt0033455,USA
tt0033457,USA
tt0033458,USA
tt0033459,USA
tt0033464,USA
tt0033467,USA
tt0033469,USA
tt0033477,USA
tt0033478,USA
tt0033479,UK
tt0033484,USA
tt0033486,USA
tt0033490,USA
tt0033491,UK
tt0033493,UK
tt0033511,"UK, USA"
tt0033512,USA
tt0033517,USA
tt0033519,USA
tt0033525,USA
tt0033530,USA
tt0033532,USA
tt0033533,USA
tt0033535,USA
tt0033537,USA
tt0033546,USA
tt0033547,USA
tt0033553,USA
tt0033554,USA
tt0033555,USA
tt0033558,USA
tt0033563,USA
tt0033574,USA
tt0033576,USA
tt0033577,USA
tt0033582,USA
tt0033592,USA
tt0033596,USA
tt0033606,USA
tt0033608,USA
tt0033613,USA
tt0033616,USA
tt0033621,UK
tt0033627,UK
tt0033628,USA
tt0033634,USA
tt0033635,UK
tt0033646,USA
tt0033650,USA
tt0033660,UK
tt0033661,UK
tt0033663,UK
tt0033664,USA
tt0033667,USA
tt0033674,USA
tt0033676,USA
tt0033677,USA
tt0033678,USA
tt0033683,USA
tt0033686,USA
tt0033692,UK
tt0033696,USA
tt0033704,USA
tt0033708,USA
tt0033712,USA
tt0033717,USA
tt0033718,USA
tt0033722,USA
tt0033723,USA
tt0033725,USA
tt0033726,USA
tt0033727,USA
tt0033728,USA
tt0033729,USA
tt0033738,USA
tt0033739,UK
tt0033740,USA
tt0033741,USA
tt0033748,USA
tt0033753,USA
tt0033754,USA
tt0033757,UK
tt0033758,USA
tt0033760,USA
tt0033766,USA
tt0033771,USA
tt0033774,USA
tt0033776,USA
tt0033777,USA
tt0033780,USA
tt0033781,USA
tt0033782,USA
tt0033787,USA
tt0033790,UK
tt0033792,USA
tt0033795,USA
tt0033802,USA
tt0033803,USA
tt0033804,USA
tt0033805,USA
tt0033806,USA
tt0033807,USA
tt0033808,USA
tt0033809,USA
tt0033821,USA
tt0033827,USA
tt0033832,USA
tt0033836,USA
tt0033848,USA
tt0033849,USA
tt0033850,USA
tt0033851,USA
tt0033852,USA
tt0033853,UK
tt0033856,USA
tt0033858,USA
tt0033867,USA
tt0033868,UK
tt0033870,USA
tt0033871,USA
tt0033873,USA
tt0033874,USA
tt0033879,USA
tt0033883,USA
tt0033890,USA
tt0033891,USA
tt0033900,USA
tt0033902,USA
tt0033907,USA
tt0033910,USA
tt0033912,USA
tt0033916,USA
tt0033918,USA
tt0033922,USA
tt0033923,USA
tt0033926,USA
tt0033928,USA
tt0033932,USA
tt0033942,USA
tt0033944,USA
tt0033945,USA
tt0033949,USA
tt0033950,USA
tt0033955,USA
tt0033958,USA
tt0033963,USA
tt0033966,USA
tt0033968,USA
tt0033980,USA
tt0033986,USA
tt0033987,USA
tt0033989,USA
tt0033996,USA
tt0033998,USA
tt0034000,USA
tt0034010,USA
tt0034011,USA
tt0034012,USA
tt0034013,USA
tt0034027,UK
tt0034030,USA
tt0034033,USA
tt0034055,USA
tt0034064,USA
tt0034065,UK
tt0034078,USA
tt0034091,USA
tt0034092,USA
tt0034094,USA
tt0034104,USA
tt0034105,USA
tt0034106,USA
tt0034110,USA
tt0034113,USA
tt0034115,USA
tt0034116,USA
tt0034117,USA
tt0034120,USA
tt0034145,USA
tt0034146,UK
tt0034162,USA
tt0034166,USA
tt0034167,USA
tt0034172,USA
tt0034173,USA
tt0034175,USA
tt0034178,USA
tt0034182,USA
tt0034183,USA
tt0034184,USA
tt0034185,USA
tt0034191,USA
tt0034193,USA
tt0034197,USA
tt0034198,USA
tt0034199,USA
tt0034203,USA
tt0034204,USA
tt0034208,USA
tt0034223,USA
tt0034224,USA
tt0034232,USA
tt0034233,USA
tt0034236,USA
tt0034240,USA
tt0034241,USA
tt0034242,USA
tt0034243,USA
tt0034244,USA
tt0034248,USA
tt0034251,USA
tt0034253,USA
tt0034262,USA
tt0034264,USA
tt0034266,USA
tt0034269,USA
tt0034272,USA
tt0034273,USA
tt0034274,USA
tt0034277,USA
tt0034278,UK
tt0034280,USA
tt0034281,USA
tt0034282,USA
tt0034286,USA
tt0034296,USA
tt0034297,USA
tt0034299,USA
tt0034303,USA
tt0034318,UK
tt0034328,USA
tt0034337,USA
tt0034339,USA
tt0034340,USA
tt0034342,USA
tt0034370,USA
tt0034374,USA
tt0034378,USA
tt0034379,USA
tt0034384,USA
tt0034386,USA
tt0034389,USA
tt0034391,USA
tt0034392,USA
tt0034394,USA
tt0034398,USA
tt0034399,USA
tt0034405,USA
tt0034407,USA
tt0034409,USA
tt0034411,USA
tt0034415,USA
tt0034420,USA
tt0034424,USA
tt0034428,USA
tt0034431,USA
tt0034433,USA
tt0034445,USA
tt0034449,USA
tt0034454,USA
tt0034455,USA
tt0034458,USA
tt0034465,USA
tt0034469,USA
tt0034485,USA
tt0034486,USA
tt0034488,UK
tt0034492,USA
tt0034507,USA
tt0034512,UK
tt0034513,USA
tt0034514,USA
tt0034521,USA
tt0034522,USA
tt0034525,USA
tt0034526,USA
tt0034527,USA
tt0034538,USA
tt0034540,USA
tt0034543,USA
tt0034545,USA
tt0034546,USA
tt0034555,USA
tt0034558,USA
tt0034565,USA
tt0034570,USA
tt0034578,USA
tt0034583,USA
tt0034586,USA
tt0034587,USA
tt0034593,USA
tt0034613,USA
tt0034617,USA
tt0034618,USA
tt0034622,USA
tt0034636,UK
tt0034637,USA
tt0034638,USA
tt0034639,UK
tt0034646,USA
tt0034680,USA
tt0034681,USA
tt0034691,USA
tt0034694,USA
tt0034707,USA
tt0034711,USA
tt0034716,USA
tt0034717,USA
tt0034730,USA
tt0034732,USA
tt0034734,UK
tt0034736,USA
tt0034739,USA
tt0034740,USA
tt0034742,USA
tt0034745,USA
tt0034746,USA
tt0034749,USA
tt0034751,USA
tt0034754,USA
tt0034770,USA
tt0034778,USA
tt0034780,USA
tt0034786,USA
tt0034798,USA
tt0034801,UK
tt0034808,USA
tt0034810,USA
tt0034812,USA
tt0034828,USA
tt0034842,USA
tt0034846,USA
tt0034847,USA
tt0034850,USA
tt0034856,USA
tt0034857,USA
tt0034862,USA
tt0034881,USA
tt0034882,USA
tt0034883,USA
tt0034886,USA
tt0034889,USA
tt0034890,USA
tt0034891,UK
tt0034902,USA
tt0034905,USA
tt0034909,USA
tt0034919,USA
tt0034920,USA
tt0034922,USA
tt0034923,USA
tt0034926,USA
tt0034928,"USA, UK"
tt0034929,USA
tt0034931,USA
tt0034936,USA
tt0034941,USA
tt0034946,USA
tt0034959,USA
tt0034960,USA
tt0034961,USA
tt0034963,USA
tt0034965,USA
tt0034968,USA
tt0034973,USA
tt0034976,USA
tt0034985,USA
tt0034997,USA
tt0034998,USA
tt0035007,USA
tt0035009,USA
tt0035015,USA
tt0035016,USA
tt0035018,USA
tt0035019,USA
tt0035020,USA
tt0035027,USA
tt0035031,USA
tt0035033,USA
tt0035034,USA
tt0035048,USA
tt0035049,USA
tt0035051,USA
tt0035052,USA
tt0035059,USA
tt0035060,USA
tt0035061,USA
tt0035068,USA
tt0035074,USA
tt0035078,USA
tt0035082,USA
tt0035092,USA
tt0035093,USA
tt0035095,UK
tt0035096,USA
tt0035098,USA
tt0035100,USA
tt0035102,USA
tt0035103,USA
tt0035105,USA
tt0035107,USA
tt0035113,USA
tt0035114,USA
tt0035121,UK
tt0035123,UK
tt0035124,USA
tt0035127,USA
tt0035134,USA
tt0035140,USA
tt0035150,USA
tt0035151,USA
tt0035152,USA
tt0035153,UK
tt0035157,USA
tt0035167,USA
tt0035169,USA
tt0035170,USA
tt0035171,USA
tt0035173,USA
tt0035181,USA
tt0035183,USA
tt0035185,USA
tt0035189,USA
tt0035191,Italy
tt0035195,USA
tt0035205,USA
tt0035211,USA
tt0035218,USA
tt0035220,USA
tt0035233,USA
tt0035238,USA
tt0035244,USA
tt0035247,USA
tt0035250,USA
tt0035252,USA
tt0035258,USA
tt0035259,USA
tt0035262,USA
tt0035272,USA
tt0035279,USA
tt0035300,USA
tt0035301,UK
tt0035307,USA
tt0035308,USA
tt0035309,USA
tt0035317,USA
tt0035318,USA
tt0035320,USA
tt0035322,UK
tt0035324,USA
tt0035335,USA
tt0035338,USA
tt0035345,USA
tt0035356,USA
tt0035360,USA
tt0035361,USA
tt0035369,USA
tt0035370,USA
tt0035372,USA
tt0035379,USA
tt0035386,USA
tt0035388,USA
tt0035391,USA
tt0035393,USA
tt0035405,USA
tt0035413,USA
tt0035415,USA
tt0035419,USA
tt0035421,USA
tt0035423,USA
tt0035427,USA
tt0035428,USA
tt0035429,UK
tt0035430,USA
tt0035431,USA
tt0035432,USA
tt0035433,USA
tt0035438,USA
tt0035440,UK
tt0035443,USA
tt0035445,USA
tt0035446,USA
tt0035447,USA
tt0035452,UK
tt0035453,USA
tt0035460,USA
tt0035462,UK
tt0035463,USA
tt0035477,USA
tt0035480,USA
tt0035487,USA
tt0035489,USA
tt0035494,UK
tt0035502,USA
tt0035504,USA
tt0035530,USA
tt0035531,USA
tt0035537,USA
tt0035538,UK
tt0035551,USA
tt0035552,USA
tt0035553,USA
tt0035555,USA
tt0035560,USA
tt0035564,USA
tt0035567,USA
tt0035570,USA
tt0035572,USA
tt0035573,USA
tt0035574,USA
tt0035575,USA
tt0035582,USA
tt0035583,USA
tt0035586,UK
tt0035605,USA
tt0035608,USA
tt0035610,USA
tt0035611,USA
tt0035612,UK
tt0035614,USA
tt0035615,USA
tt0035616,USA
tt0035617,USA
tt0035631,USA
tt0035639,USA
tt0035640,USA
tt0035643,USA
tt0035648,USA
tt0035651,USA
tt0035659,USA
tt0035663,USA
tt0035664,USA
tt0035665,USA
tt0035669,USA
tt0035670,UK
tt0035671,UK
tt0035675,USA
tt0035679,USA
tt0035689,USA
tt0035692,USA
tt0035700,USA
tt0035703,USA
tt0035706,USA
tt0035710,USA
tt0035713,USA
tt0035714,USA
tt0035726,USA
tt0035727,USA
tt0035729,USA
tt0035735,USA
tt0035741,USA
tt0035742,USA
tt0035744,USA
tt0035746,USA
tt0035749,USA
tt0035751,USA
tt0035755,USA
tt0035757,USA
tt0035758,USA
tt0035763,USA
tt0035764,USA
tt0035766,USA
tt0035767,USA
tt0035769,USA
tt0035770,USA
tt0035771,USA
tt0035777,USA
tt0035779,USA
tt0035784,USA
tt0035788,USA
tt0035793,UK
tt0035795,USA
tt0035798,USA
tt0035799,USA
tt0035800,USA
tt0035810,USA
tt0035826,USA
tt0035829,USA
tt0035854,USA
tt0035855,USA
tt0035856,USA
tt0035860,USA
tt0035862,USA
tt0035879,USA
tt0035881,UK
tt0035883,USA
tt0035884,USA
tt0035885,USA
tt0035888,USA
tt0035895,USA
tt0035896,USA
tt0035897,USA
tt0035899,USA
tt0035913,USA
tt0035916,USA
tt0035917,USA
tt0035931,UK
tt0035934,UK
tt0035937,USA
tt0035938,USA
tt0035939,USA
tt0035940,USA
tt0035941,USA
tt0035942,USA
tt0035944,USA
tt0035945,UK
tt0035952,USA
tt0035957,USA
tt0035958,USA
tt0035959,USA
tt0035962,UK
tt0035966,USA
tt0035969,USA
tt0035970,USA
tt0035978,USA
tt0035979,USA
tt0035980,USA
tt0035982,USA
tt0035983,USA
tt0035984,USA
tt0035993,USA
tt0035996,USA
tt0036001,USA
tt0036004,USA
tt0036005,USA
tt0036009,USA
tt0036016,USA
tt0036022,USA
tt0036025,USA
tt0036027,USA
tt0036033,USA
tt0036037,USA
tt0036038,USA
tt0036044,USA
tt0036046,USA
tt0036047,USA
tt0036049,USA
tt0036051,USA
tt0036055,USA
tt0036057,USA
tt0036065,USA
tt0036073,USA
tt0036075,USA
tt0036091,USA
tt0036092,USA
tt0036093,USA
tt0036094,USA
tt0036095,UK
tt0036098,USA
tt0036103,USA
tt0036104,USA
tt0036105,USA
tt0036112,UK
tt0036118,USA
tt0036120,USA
tt0036125,USA
tt0036126,USA
tt0036135,UK
tt0036142,USA
tt0036146,USA
tt0036149,USA
tt0036155,USA
tt0036160,UK
tt0036161,USA
tt0036163,UK
tt0036166,USA
tt0036170,USA
tt0036172,USA
tt0036174,USA
tt0036175,USA
tt0036182,USA
tt0036183,USA
tt0036184,UK
tt0036187,USA
tt0036189,USA
tt0036203,USA
tt0036204,UK
tt0036208,USA
tt0036217,USA
tt0036218,USA
tt0036230,USA
tt0036241,USA
tt0036244,USA
tt0036253,USA
tt0036255,USA
tt0036259,USA
tt0036260,USA
tt0036261,USA
tt0036262,USA
tt0036265,USA
tt0036272,USA
tt0036275,USA
tt0036277,USA
tt0036306,USA
tt0036307,USA
tt0036323,USA
tt0036324,USA
tt0036328,USA
tt0036341,USA
tt0036342,USA
tt0036348,USA
tt0036349,USA
tt0036356,UK
tt0036357,USA
tt0036363,USA
tt0036365,USA
tt0036367,USA
tt0036368,USA
tt0036376,USA
tt0036377,USA
tt0036378,USA
tt0036379,USA
tt0036384,USA
tt0036386,USA
tt0036391,USA
tt0036392,UK
tt0036395,USA
tt0036397,USA
tt0036398,USA
tt0036406,USA
tt0036407,USA
tt0036418,USA
tt0036419,USA
tt0036422,USA
tt0036423,USA
tt0036426,USA
tt0036427,USA
tt0036428,UK
tt0036430,USA
tt0036431,USA
tt0036432,USA
tt0036433,USA
tt0036449,USA
tt0036515,USA
tt0036516,UK
tt0036518,USA
tt0036526,USA
tt0036529,USA
tt0036531,USA
tt0036533,USA
tt0036534,USA
tt0036540,USA
tt0036549,UK
tt0036552,USA
tt0036553,USA
tt0036554,USA
tt0036573,UK
tt0036579,USA
tt0036581,USA
tt0036582,USA
tt0036591,USA
tt0036596,USA
tt0036599,USA
tt0036600,USA
tt0036602,USA
tt0036606,UK
tt0036610,USA
tt0036613,USA
tt0036625,USA
tt0036628,USA
tt0036635,UK
tt0036636,USA
tt0036640,USA
tt0036641,USA
tt0036644,USA
tt0036650,USA
tt0036651,USA
tt0036653,USA
tt0036667,USA
tt0036670,USA
tt0036671,USA
tt0036672,USA
tt0036673,USA
tt0036677,USA
tt0036692,USA
tt0036693,UK
tt0036695,UK
tt0036696,USA
tt0036697,USA
tt0036698,USA
tt0036699,USA
tt0036704,UK
tt0036705,USA
tt0036706,USA
tt0036709,USA
tt0036711,USA
tt0036715,USA
tt0036716,USA
tt0036719,USA
tt0036723,USA
tt0036725,USA
tt0036730,USA
tt0036731,USA
tt0036733,USA
tt0036741,USA
tt0036743,USA
tt0036745,USA
tt0036748,USA
tt0036749,USA
tt0036753,USA
tt0036755,USA
tt0036757,USA
tt0036758,USA
tt0036767,UK
tt0036774,USA
tt0036775,USA
tt0036776,USA
tt0036777,USA
tt0036791,USA
tt0036793,UK
tt0036803,USA
tt0036807,USA
tt0036809,USA
tt0036810,USA
tt0036811,USA
tt0036814,UK
tt0036824,USA
tt0036832,USA
tt0036833,USA
tt0036834,UK
tt0036835,USA
tt0036836,USA
tt0036840,USA
tt0036845,USA
tt0036855,USA
tt0036859,USA
tt0036861,USA
tt0036864,USA
tt0036865,USA
tt0036866,USA
tt0036868,USA
tt0036870,USA
tt0036872,USA
tt0036880,USA
tt0036881,USA
tt0036886,USA
tt0036891,USA
tt0036892,USA
tt0036909,USA
tt0036910,UK
tt0036912,USA
tt0036919,USA
tt0036921,USA
tt0036922,USA
tt0036926,USA
tt0036929,UK
tt0036930,USA
tt0036931,USA
tt0036940,USA
tt0036941,USA
tt0036950,USA
tt0036951,USA
tt0036952,USA
tt0036953,USA
tt0036955,USA
tt0036959,USA
tt0036961,USA
tt0036962,USA
tt0036966,USA
tt0036969,USA
tt0036970,USA
tt0036972,USA
tt0036975,USA
tt0036983,USA
tt0036984,USA
tt0036988,USA
tt0036999,USA
tt0037000,USA
tt0037001,USA
tt0037007,USA
tt0037008,USA
tt0037017,USA
tt0037018,USA
tt0037024,USA
tt0037027,USA
tt0037029,UK
tt0037030,USA
tt0037034,USA
tt0037035,UK
tt0037038,USA
tt0037040,USA
tt0037042,USA
tt0037048,USA
tt0037049,USA
tt0037051,USA
tt0037055,USA
tt0037056,USA
tt0037059,USA
tt0037062,USA
tt0037074,USA
tt0037075,USA
tt0037076,USA
tt0037077,USA
tt0037078,USA
tt0037084,USA
tt0037089,USA
tt0037094,USA
tt0037095,USA
tt0037096,USA
tt0037098,USA
tt0037099,USA
tt0037100,USA
tt0037101,USA
tt0037104,USA
tt0037105,USA
tt0037111,USA
tt0037115,USA
tt0037120,USA
tt0037121,USA
tt0037124,USA
tt0037130,USA
tt0037131,USA
tt0037135,USA
tt0037136,USA
tt0037138,USA
tt0037142,USA
tt0037149,UK
tt0037150,USA
tt0037151,USA
tt0037153,USA
tt0037158,USA
tt0037166,USA
tt0037167,USA
tt0037168,USA
tt0037175,USA
tt0037179,UK
tt0037190,USA
tt0037193,USA
tt0037197,USA
tt0037211,USA
tt0037212,Australia
tt0037215,USA
tt0037217,USA
tt0037218,USA
tt0037219,USA
tt0037224,USA
tt0037244,USA
tt0037248,USA
tt0037253,USA
tt0037256,USA
tt0037258,USA
tt0037261,USA
tt0037262,USA
tt0037263,USA
tt0037265,USA
tt0037266,USA
tt0037273,USA
tt0037274,USA
tt0037280,USA
tt0037295,USA
tt0037297,USA
tt0037301,USA
tt0037303,USA
tt0037310,USA
tt0037313,USA
tt0037316,USA
tt0037317,USA
tt0037318,USA
tt0037325,USA
tt0037326,USA
tt0037330,USA
tt0037333,USA
tt0037335,USA
tt0037336,USA
tt0037343,USA
tt0037346,USA
tt0037352,UK
tt0037360,USA
tt0037362,USA
tt0037363,UK
tt0037365,USA
tt0037366,USA
tt0037367,UK
tt0037373,USA
tt0037378,USA
tt0037379,USA
tt0037380,UK
tt0037382,USA
tt0037384,USA
tt0037386,USA
tt0037388,USA
tt0037408,USA
tt0037414,USA
tt0037415,USA
tt0037420,USA
tt0037421,USA
tt0037428,USA
tt0037438,USA
tt0037441,USA
tt0037446,USA
tt0037447,UK
tt0037449,UK
tt0037453,USA
tt0037458,USA
tt0037461,USA
tt0037462,USA
tt0037465,USA
tt0037466,USA
tt0037467,USA
tt0037469,USA
tt0037470,USA
tt0037472,USA
tt0037476,USA
tt0037481,USA
tt0037492,USA
tt0037494,USA
tt0037496,USA
tt0037498,USA
tt0037505,USA
tt0037508,USA
tt0037514,USA
tt0037515,USA
tt0037518,USA
tt0037522,USA
tt0037530,USA
tt0037534,USA
tt0037535,USA
tt0037536,USA
tt0037538,USA
tt0037539,USA
tt0037547,USA
tt0037549,USA
tt0037553,USA
tt0037554,USA
tt0037557,USA
tt0037558,UK
tt0037559,USA
tt0037560,USA
tt0037563,USA
tt0037570,Mexico
tt0037576,USA
tt0037578,UK
tt0037588,USA
tt0037593,USA
tt0037604,USA
tt0037605,USA
tt0037607,USA
tt0037609,USA
tt0037610,USA
tt0037611,USA
tt0037614,USA
tt0037618,USA
tt0037620,USA
tt0037621,USA
tt0037622,USA
tt0037627,USA
tt0037632,USA
tt0037634,USA
tt0037635,UK
tt0037636,USA
tt0037638,USA
tt0037640,USA
tt0037642,USA
tt0037644,USA
tt0037645,USA
tt0037648,USA
tt0037650,USA
tt0037651,USA
tt0037656,USA
tt0037662,USA
tt0037671,USA
tt0037672,USA
tt0037677,USA
tt0037678,USA
tt0037685,USA
tt0037690,USA
tt0037691,USA
tt0037692,USA
tt0037701,USA
tt0037702,USA
tt0037711,USA
tt0037721,USA
tt0037722,USA
tt0037735,USA
tt0037736,USA
tt0037737,USA
tt0037746,USA
tt0037748,UK
tt0037749,USA
tt0037756,USA
tt0037761,USA
tt0037767,USA
tt0037769,USA
tt0037771,USA
tt0037776,USA
tt0037785,USA
tt0037786,USA
tt0037790,USA
tt0037791,USA
tt0037793,USA
tt0037794,USA
tt0037795,USA
tt0037798,USA
tt0037799,UK
tt0037800,UK
tt0037801,UK
tt0037803,USA
tt0037811,USA
tt0037816,USA
tt0037820,USA
tt0037822,USA
tt0037823,USA
tt0037826,USA
tt0037829,USA
tt0037832,USA
tt0037837,USA
tt0037840,USA
tt0037843,USA
tt0037848,USA
tt0037849,USA
tt0037858,USA
tt0037859,USA
tt0037865,USA
tt0037866,USA
tt0037870,USA
tt0037871,Switzerland
tt0037884,USA
tt0037885,USA
tt0037892,USA
tt0037893,USA
tt0037895,USA
tt0037906,USA
tt0037913,USA
tt0037917,USA
tt0037918,USA
tt0037923,USA
tt0037930,USA
tt0037931,USA
tt0037932,USA
tt0037939,USA
tt0037943,UK
tt0037946,USA
tt0037950,UK
tt0037954,USA
tt0037960,USA
tt0037963,USA
tt0037966,USA
tt0037972,USA
tt0037980,UK
tt0037981,"Mexico, USA"
tt0037985,USA
tt0037988,USA
tt0037989,USA
tt0037990,USA
tt0037991,UK
tt0037997,USA
tt0038000,USA
tt0038007,USA
tt0038008,USA
tt0038017,USA
tt0038026,USA
tt0038032,USA
tt0038033,USA
tt0038034,USA
tt0038038,USA
tt0038040,USA
tt0038045,USA
tt0038046,USA
tt0038047,USA
tt0038048,USA
tt0038053,USA
tt0038055,USA
tt0038056,USA
tt0038057,USA
tt0038071,USA
tt0038080,USA
tt0038083,USA
tt0038084,USA
tt0038091,USA
tt0038097,USA
tt0038104,USA
tt0038107,USA
tt0038108,USA
tt0038109,USA
tt0038110,USA
tt0038116,USA
tt0038119,USA
tt0038120,USA
tt0038123,USA
tt0038124,USA
tt0038126,USA
tt0038129,USA
tt0038134,USA
tt0038151,USA
tt0038161,UK
tt0038163,USA
tt0038164,USA
tt0038165,USA
tt0038166,USA
tt0038170,USA
tt0038172,USA
tt0038178,USA
tt0038190,USA
tt0038197,USA
tt0038199,USA
tt0038205,USA
tt0038212,USA
tt0038213,USA
tt0038214,USA
tt0038230,USA
tt0038235,USA
tt0038238,UK
tt0038239,USA
tt0038241,USA
tt0038243,USA
tt0038245,USA
tt0038246,USA
tt0038250,UK
tt0038256,USA
tt0038258,USA
tt0038259,USA
tt0038260,USA
tt0038262,USA
tt0038263,USA
tt0038270,USA
tt0038275,Spain
tt0038279,USA
tt0038284,USA
tt0038285,USA
tt0038289,UK
tt0038300,USA
tt0038303,USA
tt0038319,USA
tt0038321,USA
tt0038324,USA
tt0038326,USA
tt0038327,Italy
tt0038338,USA
tt0038341,USA
tt0038342,UK
tt0038343,USA
tt0038346,USA
tt0038347,USA
tt0038354,UK
tt0038355,USA
tt0038360,USA
tt0038361,USA
tt0038363,UK
tt0038367,USA
tt0038368,USA
tt0038370,USA
tt0038377,USA
tt0038378,USA
tt0038381,USA
tt0038382,USA
tt0038383,USA
tt0038387,USA
tt0038390,UK
tt0038392,USA
tt0038395,USA
tt0038396,UK
tt0038401,USA
tt0038402,USA
tt0038406,USA
tt0038409,USA
tt0038411,USA
tt0038415,USA
tt0038416,USA
tt0038417,USA
tt0038418,USA
tt0038419,USA
tt0038420,USA
tt0038427,USA
tt0038429,USA
tt0038430,USA
tt0038434,USA
tt0038435,USA
tt0038449,USA
tt0038452,USA
tt0038453,USA
tt0038455,USA
tt0038458,USA
tt0038461,USA
tt0038462,USA
tt0038466,USA
tt0038470,USA
tt0038471,USA
tt0038472,USA
tt0038474,USA
tt0038477,USA
tt0038478,USA
tt0038480,USA
tt0038484,USA
tt0038492,USA
tt0038494,USA
tt0038498,UK
tt0038499,USA
tt0038505,USA
tt0038514,USA
tt0038517,USA
tt0038518,USA
tt0038519,USA
tt0038520,UK
tt0038524,USA
tt0038529,USA
tt0038531,USA
tt0038532,USA
tt0038537,USA
tt0038547,USA
tt0038549,USA
tt0038559,USA
tt0038574,UK
tt0038575,USA
tt0038577,UK
tt0038578,USA
tt0038589,USA
tt0038592,USA
tt0038593,USA
tt0038598,USA
tt0038606,USA
tt0038611,USA
tt0038613,USA
tt0038615,USA
tt0038621,USA
tt0038622,USA
tt0038629,USA
tt0038632,USA
tt0038636,USA
tt0038640,USA
tt0038643,USA
tt0038648,USA
tt0038650,USA
tt0038652,USA
tt0038661,USA
tt0038663,UK
tt0038665,USA
tt0038668,USA
tt0038669,USA
tt0038680,USA
tt0038691,USA
tt0038694,USA
tt0038699,USA
tt0038700,USA
tt0038703,USA
tt0038704,USA
tt0038705,USA
tt0038714,USA
tt0038715,USA
tt0038718,USA
tt0038721,USA
tt0038727,USA
tt0038728,France
tt0038731,USA
tt0038733,UK
tt0038739,USA
tt0038747,USA
tt0038752,USA
tt0038753,USA
tt0038761,USA
tt0038762,USA
tt0038764,USA
tt0038765,USA
tt0038766,USA
tt0038773,USA
tt0038774,USA
tt0038776,USA
tt0038777,USA
tt0038778,USA
tt0038779,USA
tt0038780,USA
tt0038782,USA
tt0038787,USA
tt0038788,USA
tt0038794,USA
tt0038795,USA
tt0038802,USA
tt0038821,"UK, Australia"
tt0038826,USA
tt0038831,USA
tt0038832,USA
tt0038839,USA
tt0038842,UK
tt0038854,USA
tt0038870,Finland
tt0038873,USA
tt0038877,USA
tt0038878,USA
tt0038889,USA
tt0038891,Italy
tt0038905,USA
tt0038908,USA
tt0038911,UK
tt0038913,Italy
tt0038916,USA
tt0038917,USA
tt0038922,USA
tt0038924,UK
tt0038926,USA
tt0038927,USA
tt0038928,USA
tt0038929,USA
tt0038934,USA
tt0038937,USA
tt0038938,USA
tt0038948,USA
tt0038955,USA
tt0038956,USA
tt0038958,USA
tt0038959,USA
tt0038965,USA
tt0038968,USA
tt0038969,USA
tt0038970,Italy
tt0038973,USA
tt0038974,USA
tt0038975,USA
tt0038976,USA
tt0038979,USA
tt0038982,USA
tt0038984,USA
tt0038986,USA
tt0038988,USA
tt0038990,USA
tt0038991,USA
tt0039000,USA
tt0039001,USA
tt0039003,USA
tt0039011,USA
tt0039017,USA
tt0039020,USA
tt0039023,USA
tt0039026,USA
tt0039029,USA
tt0039031,USA
tt0039032,USA
tt0039036,USA
tt0039037,USA
tt0039038,USA
tt0039040,USA
tt0039041,USA
tt0039053,USA
tt0039054,USA
tt0039055,USA
tt0039056,USA
tt0039066,USA
tt0039067,USA
tt0039073,USA
tt0039076,USA
tt0039080,USA
tt0039082,USA
tt0039095,UK
tt0039098,USA
tt0039101,USA
tt0039110,USA
tt0039111,USA
tt0039112,UK
tt0039114,USA
tt0039116,USA
tt0039127,USA
tt0039133,USA
tt0039152,USA
tt0039157,USA
tt0039158,UK
tt0039160,USA
tt0039169,USA
tt0039170,USA
tt0039174,USA
tt0039178,USA
tt0039180,USA
tt0039187,USA
tt0039188,USA
tt0039190,USA
tt0039191,USA
tt0039192,UK
tt0039193,USA
tt0039194,USA
tt0039195,UK
tt0039196,USA
tt0039197,USA
tt0039198,USA
tt0039200,USA
tt0039201,USA
tt0039202,USA
tt0039203,USA
tt0039204,USA
tt0039208,USA
tt0039211,USA
tt0039213,USA
tt0039216,USA
tt0039217,USA
tt0039220,UK
tt0039224,USA
tt0039226,USA
tt0039230,USA
tt0039231,"UK, Australia"
tt0039235,USA
tt0039236,USA
tt0039242,UK
tt0039243,USA
tt0039244,USA
tt0039245,USA
tt0039250,USA
tt0039260,USA
tt0039262,USA
tt0039266,USA
tt0039277,USA
tt0039279,USA
tt0039281,UK
tt0039283,USA
tt0039288,USA
tt0039293,USA
tt0039297,UK
tt0039299,USA
tt0039301,USA
tt0039302,USA
tt0039304,UK
tt0039305,USA
tt0039306,UK
tt0039307,USA
tt0039308,USA
tt0039311,USA
tt0039312,USA
tt0039313,USA
tt0039317,USA
tt0039318,USA
tt0039320,USA
tt0039321,USA
tt0039324,USA
tt0039335,USA
tt0039337,USA
tt0039340,USA
tt0039341,USA
tt0039344,France
tt0039349,USA
tt0039357,USA
tt0039360,USA
tt0039361,USA
tt0039365,USA
tt0039368,USA
tt0039370,USA
tt0039372,USA
tt0039377,USA
tt0039389,USA
tt0039390,USA
tt0039391,USA
tt0039394,USA
tt0039396,USA
tt0039398,UK
tt0039402,"Mexico, USA"
tt0039404,USA
tt0039405,USA
tt0039409,USA
tt0039410,USA
tt0039416,USA
tt0039417,"Italy, France, Germany"
tt0039419,USA
tt0039420,USA
tt0039421,UK
tt0039428,USA
tt0039431,USA
tt0039437,USA
tt0039438,USA
tt0039439,USA
tt0039441,USA
tt0039447,USA
tt0039451,USA
tt0039453,USA
tt0039456,USA
tt0039460,USA
tt0039461,USA
tt0039463,USA
tt0039464,USA
tt0039472,USA
tt0039473,USA
tt0039477,USA
tt0039478,UK
tt0039479,UK
tt0039482,USA
tt0039483,USA
tt0039484,USA
tt0039485,UK
tt0039486,USA
tt0039492,UK
tt0039496,USA
tt0039500,USA
tt0039501,USA
tt0039502,USA
tt0039503,USA
tt0039504,USA
tt0039509,UK
tt0039511,USA
tt0039515,USA
tt0039530,USA
tt0039531,USA
tt0039545,USA
tt0039550,USA
tt0039554,USA
tt0039556,USA
tt0039566,USA
tt0039568,USA
tt0039574,USA
tt0039579,USA
tt0039581,USA
tt0039582,USA
tt0039583,USA
tt0039586,USA
tt0039587,UK
tt0039589,USA
tt0039591,USA
tt0039594,UK
tt0039595,USA
tt0039600,"UK, Italy"
tt0039607,USA
tt0039615,France
tt0039619,USA
tt0039625,USA
tt0039627,UK
tt0039628,USA
tt0039631,USA
tt0039634,USA
tt0039636,USA
tt0039645,USA
tt0039647,USA
tt0039655,USA
tt0039656,USA
tt0039657,UK
tt0039659,USA
tt0039660,USA
tt0039666,USA
tt0039676,UK
tt0039677,UK
tt0039678,USA
tt0039686,USA
tt0039688,USA
tt0039689,USA
tt0039694,USA
tt0039698,USA
tt0039701,USA
tt0039702,USA
tt0039725,USA
tt0039730,USA
tt0039735,USA
tt0039737,USA
tt0039743,USA
tt0039745,UK
tt0039748,USA
tt0039750,USA
tt0039757,USA
tt0039761,USA
tt0039768,USA
tt0039772,USA
tt0039776,USA
tt0039780,USA
tt0039783,USA
tt0039784,UK
tt0039787,USA
tt0039797,UK
tt0039800,USA
tt0039806,USA
tt0039808,USA
tt0039811,USA
tt0039815,USA
tt0039816,USA
tt0039819,USA
tt0039820,USA
tt0039821,UK
tt0039822,France
tt0039825,USA
tt0039826,USA
tt0039829,USA
tt0039840,USA
tt0039842,UK
tt0039847,USA
tt0039848,USA
tt0039850,USA
tt0039852,USA
tt0039853,USA
tt0039861,USA
tt0039865,USA
tt0039873,USA
tt0039881,USA
tt0039883,UK
tt0039887,USA
tt0039892,USA
tt0039893,USA
tt0039895,UK
tt0039896,USA
tt0039897,UK
tt0039898,USA
tt0039901,USA
tt0039908,USA
tt0039912,USA
tt0039926,USA
tt0039927,USA
tt0039935,USA
tt0039936,USA
tt0039937,USA
tt0039938,USA
tt0039941,USA
tt0039947,UK
tt0039951,USA
tt0039960,USA
tt0039966,Italy
tt0039969,USA
tt0039973,USA
tt0039975,USA
tt0039981,UK
tt0039982,USA
tt0039984,UK
tt0039986,Canada
tt0039987,USA
tt0039994,USA
tt0039998,USA
tt0039999,UK
tt0040000,USA
tt0040002,USA
tt0040003,USA
tt0040064,USA
tt0040068,USA
tt0040071,USA
tt0040072,USA
tt0040076,USA
tt0040077,USA
tt0040080,UK
tt0040082,USA
tt0040087,USA
tt0040089,USA
tt0040097,USA
tt0040098,UK
tt0040102,USA
tt0040104,USA
tt0040106,USA
tt0040107,USA
tt0040109,USA
tt0040112,USA
tt0040113,USA
tt0040141,USA
tt0040142,USA
tt0040153,USA
tt0040154,USA
tt0040155,USA
tt0040156,Germany
tt0040158,USA
tt0040159,USA
tt0040160,USA
tt0040166,USA
tt0040167,USA
tt0040173,USA
tt0040174,USA
tt0040175,USA
tt0040178,USA
tt0040183,UK
tt0040185,USA
tt0040186,UK
tt0040187,USA
tt0040189,UK
tt0040202,USA
tt0040210,USA
tt0040214,USA
tt0040221,USA
tt0040229,USA
tt0040237,USA
tt0040242,USA
tt0040245,USA
tt0040246,UK
tt0040249,UK
tt0040254,USA
tt0040257,USA
tt0040267,USA
tt0040268,USA
tt0040270,USA
tt0040271,USA
tt0040273,UK
tt0040276,USA
tt0040281,USA
tt0040287,USA
tt0040288,France
tt0040296,USA
tt0040302,USA
tt0040305,USA
tt0040308,USA
tt0040309,UK
tt0040315,USA
tt0040317,USA
tt0040321,USA
tt0040325,"UK, USA"
tt0040328,UK
tt0040333,USA
tt0040335,UK
tt0040338,UK
tt0040339,USA
tt0040342,USA
tt0040347,USA
tt0040349,USA
tt0040353,USA
tt0040355,USA
tt0040364,USA
tt0040365,UK
tt0040366,USA
tt0040367,USA
tt0040369,USA
tt0040370,USA
tt0040379,USA
tt0040380,USA
tt0040385,USA
tt0040390,USA
tt0040394,USA
tt0040395,USA
tt0040399,USA
tt0040401,UK
tt0040402,USA
tt0040407,UK
tt0040409,USA
tt0040411,USA
tt0040416,UK
tt0040418,Sweden
tt0040427,USA
tt0040431,UK
tt0040432,USA
tt0040438,USA
tt0040443,UK
tt0040444,USA
tt0040446,USA
tt0040452,UK
tt0040455,USA
tt0040457,USA
tt0040458,USA
tt0040460,USA
tt0040464,USA
tt0040472,USA
tt0040473,USA
tt0040474,USA
tt0040478,USA
tt0040481,UK
tt0040482,UK
tt0040489,USA
tt0040491,USA
tt0040495,USA
tt0040498,USA
tt0040499,USA
tt0040500,USA
tt0040501,USA
tt0040504,"Norway, France"
tt0040506,USA
tt0040507,USA
tt0040508,USA
tt0040512,USA
tt0040513,USA
tt0040522,Italy
tt0040525,USA
tt0040530,USA
tt0040535,USA
tt0040536,USA
tt0040543,USA
